{"stats":{"minecraft:broken":{"anthropology_items__structures:trinitium_armor_helmet":1},"minecraft:killed_by":{"minecraft:player":4,"minecraft:creeper":1},"minecraft:mined":{"minecraft:grass_block":1,"minecraft:redstone_torch":2,"minecraft:grass":2,"minecraft:dirt":1},"minecraft:custom":{"minecraft:mob_kills":5,"minecraft:leave_game":1,"minecraft:time_since_death":10181,"minecraft:damage_resisted":2309,"minecraft:time_since_rest":10232,"minecraft:sprint_one_cm":84136,"minecraft:damage_absorbed":2553,"minecraft:damage_taken":8472,"minecraft:walk_one_cm":61811,"minecraft:drop":94,"minecraft:damage_dealt":100,"minecraft:damage_dealt_absorbed":1211,"minecraft:swim_one_cm":39538,"minecraft:fly_one_cm":171356,"minecraft:player_kills":1,"minecraft:crouch_one_cm":3811,"minecraft:play_time":56196,"minecraft:deaths":7,"minecraft:sneak_time":2433,"minecraft:walk_under_water_one_cm":15414,"minecraft:jump":833,"minecraft:walk_on_water_one_cm":28829,"minecraft:total_world_time":56196,"minecraft:fall_one_cm":31065},"minecraft:dropped":{"jeg:typhoonee":2,"jeg:holographic_sight":2,"minecraft:wheat_seeds":2,"jeg:silencer":2,"jeg:pocket_bubble":16,"anthropology_items__structures:trinitium_armor_boots":2,"anthropology_items__structures:trinitium_armor_helmet":2,"minecraft:netherite_helmet":2,"minecraft:netherite_chestplate":2,"jeg:vertical_grip":2,"jeg:light_grip":2,"anthropology_items__structures:trinitium_armor_chestplate":2,"minecraft:enchanted_golden_apple":192,"sophisticatedbackpacks:backpack":1,"jeg:grenade":32,"anthropology_items__structures:trinitium_armor_leggings":2,"jeg:rifle_ammo":2112,"minecraft:totem_of_undying":3,"minecraft:chainmail_helmet":1,"minecraft:golden_apple":64,"minecraft:netherite_leggings":2,"jeg:shotgun_shell":32,"anthropology_items__structures:quantum_apple":1,"anthropology_items__structures:trinitium_sword":1,"jeg:healing_talisman":32,"jeg:holy_shotgun":3,"jeg:drum_mag":1,"minecraft:netherite_boots":2,"jeg:light_stock":2,"jeg:makeshift_stock":1,"jeg:combat_rifle":1,"jeg:weighted_stock":2,"minecraft:written_book":2,"jeg:handmade_shell":48},"minecraft:picked_up":{"jeg:makeshift_stock":1,"anthropology_items__structures:trinitium_armor_helmet":2,"minecraft:netherite_boots":1,"jeg:silencer":4,"jeg:light_grip":2,"minecraft:oak_log":3,"jeg:weighted_stock":3,"jeg:angled_grip":1,"minecraft:netherite_leggings":1,"minecraft:dirt":46,"jeg:combat_rifle":1,"jeg:grenade":32,"minecraft:wheat_seeds":2,"jeg:pocket_bubble":16,"minecraft:redstone_torch":2,"jeg:light_stock":2,"minecraft:enchanted_golden_apple":192,"anthropology_items__structures:trinitium_armor_leggings":2,"jeg:drum_mag":2,"sophisticatedbackpacks:backpack":3,"anthropology_items__structures:trinitium_armor_boots":2,"anthropology_items__structures:trinitium_armor_chestplate":2,"minecraft:sand":1,"jeg:telescopic_sight":1,"jeg:vertical_grip":3,"minecraft:carrot":1,"jeg:tactical_stock":1,"jeg:handmade_shell":48,"anthropology_items__structures:quantum_apple":1,"jeg:healing_talisman":32,"minecraft:rotten_flesh":2,"jeg:typhoonee":1,"minecraft:netherite_helmet":1,"jeg:holy_shotgun":3,"jeg:holographic_sight":3,"jeg:rifle_ammo":2305,"minecraft:golden_apple":64,"minecraft:chainmail_helmet":1,"minecraft:totem_of_undying":3,"minecraft:netherite_chestplate":1,"anthropology_items__structures:trinitium_sword":1,"minecraft:cobblestone":2},"minecraft:killed":{"minecraft:salmon":4,"jeg:bubble":1},"minecraft:used":{"jeg:stun_grenade":4,"anthropology_items__structures:thermonuclear_bomb":1,"jeg:combat_rifle":415,"jeg:holy_shotgun":4,"jeg:typhoonee":12,"jeg:grenade":10,"minecraft:obsidian":50,"minecraft:redstone_torch":2,"jeg:healing_talisman":6,"minecraft:totem_of_undying":5,"anthropology_items__structures:trinitium_sword":8,"jeg:double_barrel_shotgun":33,"anthropology_items__structures:quantum_apple":1,"minecraft:end_crystal":14,"jeg:pocket_bubble":15,"jeg:molotov_cocktail":12,"jeg:water_bomb":17,"minecraft:enchanted_golden_apple":23}},"DataVersion":3465}