{"stats":{"minecraft:custom":{"minecraft:mob_kills":5,"minecraft:time_since_death":17,"minecraft:damage_resisted":2309,"minecraft:time_since_rest":17,"minecraft:sprint_one_cm":82451,"minecraft:walk_one_cm":60659,"minecraft:damage_taken":8142,"minecraft:damage_absorbed":2553,"minecraft:drop":47,"minecraft:damage_dealt":90,"minecraft:damage_dealt_absorbed":1211,"minecraft:swim_one_cm":39538,"minecraft:fly_one_cm":139703,"minecraft:player_kills":1,"minecraft:crouch_one_cm":3725,"minecraft:play_time":45216,"minecraft:deaths":6,"minecraft:walk_under_water_one_cm":15414,"minecraft:sneak_time":2387,"minecraft:jump":808,"minecraft:walk_on_water_one_cm":28829,"minecraft:total_world_time":45216,"minecraft:fall_one_cm":30856},"minecraft:dropped":{"jeg:typhoonee":2,"jeg:holographic_sight":1,"minecraft:wheat_seeds":2,"jeg:silencer":1,"jeg:pocket_bubble":16,"anthropology_items__structures:trinitium_armor_boots":1,"anthropology_items__structures:trinitium_armor_helmet":1,"minecraft:netherite_helmet":2,"minecraft:netherite_chestplate":2,"jeg:light_grip":1,"anthropology_items__structures:trinitium_armor_chestplate":1,"minecraft:enchanted_golden_apple":128,"anthropology_items__structures:trinitium_armor_leggings":1,"jeg:rifle_ammo":192,"minecraft:totem_of_undying":3,"minecraft:chainmail_helmet":1,"minecraft:netherite_leggings":2,"jeg:shotgun_shell":32,"anthropology_items__structures:quantum_apple":1,"anthropology_items__structures:trinitium_sword":1,"jeg:healing_talisman":32,"jeg:holy_shotgun":3,"minecraft:netherite_boots":2,"jeg:makeshift_stock":1,"jeg:light_stock":1,"jeg:combat_rifle":1,"jeg:weighted_stock":1,"minecraft:written_book":2,"jeg:handmade_shell":48},"minecraft:broken":{"anthropology_items__structures:trinitium_armor_helmet":1},"minecraft:killed":{"minecraft:salmon":4,"jeg:bubble":1},"minecraft:mined":{"minecraft:grass_block":1,"minecraft:redstone_torch":2,"minecraft:grass":2,"minecraft:dirt":1},"minecraft:killed_by":{"minecraft:player":4},"minecraft:picked_up":{"jeg:makeshift_stock":1,"anthropology_items__structures:trinitium_armor_helmet":1,"minecraft:netherite_boots":1,"jeg:silencer":3,"jeg:light_grip":1,"minecraft:oak_log":3,"jeg:weighted_stock":2,"jeg:angled_grip":1,"minecraft:netherite_leggings":1,"minecraft:dirt":46,"jeg:combat_rifle":1,"minecraft:wheat_seeds":2,"jeg:pocket_bubble":16,"minecraft:redstone_torch":2,"jeg:light_stock":1,"minecraft:enchanted_golden_apple":128,"anthropology_items__structures:trinitium_armor_leggings":1,"jeg:drum_mag":1,"sophisticatedbackpacks:backpack":2,"anthropology_items__structures:trinitium_armor_boots":1,"anthropology_items__structures:trinitium_armor_chestplate":1,"minecraft:sand":1,"jeg:telescopic_sight":1,"jeg:vertical_grip":1,"minecraft:carrot":1,"jeg:tactical_stock":1,"jeg:handmade_shell":48,"anthropology_items__structures:quantum_apple":1,"jeg:healing_talisman":32,"jeg:typhoonee":1,"minecraft:rotten_flesh":2,"minecraft:netherite_helmet":1,"jeg:holy_shotgun":3,"jeg:holographic_sight":2,"jeg:rifle_ammo":385,"minecraft:totem_of_undying":3,"minecraft:chainmail_helmet":1,"minecraft:netherite_chestplate":1,"anthropology_items__structures:trinitium_sword":1,"minecraft:cobblestone":2},"minecraft:used":{"jeg:stun_grenade":4,"anthropology_items__structures:thermonuclear_bomb":1,"jeg:combat_rifle":415,"jeg:holy_shotgun":4,"jeg:typhoonee":12,"jeg:grenade":10,"minecraft:obsidian":50,"minecraft:redstone_torch":2,"jeg:healing_talisman":6,"minecraft:totem_of_undying":5,"anthropology_items__structures:trinitium_sword":8,"jeg:double_barrel_shotgun":33,"anthropology_items__structures:quantum_apple":1,"minecraft:end_crystal":14,"jeg:pocket_bubble":15,"jeg:molotov_cocktail":12,"jeg:water_bomb":17,"minecraft:enchanted_golden_apple":23}},"DataVersion":3465}