{"stats":{"minecraft:crafted":{"man:cassetteplayer":1,"minecraft:skeleton_skull":2,"minecraft:chiseled_polished_blackstone":10,"minecraft:air":0,"minecraft:golden_apple":12,"minecraft:wither_rose":4},"minecraft:killed_by":{"minecraft:player":3,"minecraft:skeleton":3},"minecraft:custom":{"minecraft:mob_kills":24,"minecraft:traded_with_villager":29,"minecraft:tune_noteblock":1,"minecraft:leave_game":2,"minecraft:time_since_death":8891,"minecraft:climb_one_cm":18540,"minecraft:time_since_rest":8918,"minecraft:walk_one_cm":105549,"minecraft:sprint_one_cm":91759,"minecraft:damage_taken":4084,"minecraft:damage_absorbed":240,"minecraft:drop":19,"minecraft:damage_dealt":874,"minecraft:damage_dealt_absorbed":160,"minecraft:swim_one_cm":1582,"minecraft:talked_to_villager":15,"minecraft:fly_one_cm":301066,"minecraft:player_kills":3,"minecraft:open_chest":2,"minecraft:crouch_one_cm":3715,"minecraft:play_time":63622,"minecraft:deaths":10,"minecraft:sneak_time":2158,"minecraft:walk_under_water_one_cm":1038,"minecraft:jump":831,"minecraft:walk_on_water_one_cm":11533,"minecraft:total_world_time":63622,"minecraft:fall_one_cm":26142,"minecraft:inspect_dispenser":3},"minecraft:dropped":{"minecraft:chiseled_polished_blackstone":20,"man:cassette_1safetyinstructions":2,"man:ritualblockoff":59,"minecraft:recovery_compass":2,"jeg:revolver":1,"man:tearoftheman":7,"minecraft:iron_leggings":1,"minecraft:written_book":3},"minecraft:mined":{"minecraft:grass_block":10,"minecraft:sugar_cane":25,"minecraft:large_fern":1,"minecraft:seagrass":6,"minecraft:tall_seagrass":3},"minecraft:used":{"man:ritualblockoff":11,"jeg:stun_grenade":5,"minecraft:netherite_sword":2,"minecraft:flint_and_steel":2,"jeg:combat_rifle":23,"minecraft:sugar_cane":34,"jeg:pump_shotgun":1,"jeg:atlantean_spear":3,"minecraft:golden_apple":6,"jeg:burst_rifle":3,"man:manfromthefog_spawn_egg":1,"minecraft:dirt":3,"minecraft:tnt":6,"jeg:grenade":37,"jeg:bolt_action_rifle":81,"minecraft:warden_spawn_egg":1,"the_knocker:knocker_spawn_egg":2,"minecraft:spruce_pressure_plate":9,"man:manfromthefogback_spawn_egg":2,"minecraft:written_book":1,"jeg:revolver":278,"jeg:semi_auto_rifle":18,"jeg:blossom_rifle":24,"minecraft:brush":67,"takesapillage:ravager_horn":1,"jeg:pocket_bubble":129,"jeg:molotov_cocktail":15},"minecraft:picked_up":{"minecraft:dark_oak_button":1,"minecraft:gunpowder":4,"minecraft:dirt":11,"minecraft:iron_leggings":1,"jeg:revolver":4,"minecraft:written_book":5,"minecraft:sugar_cane":34,"minecraft:chiseled_polished_blackstone":20,"jeg:pistol_ammo":256,"minecraft:recovery_compass":1,"jeg:bolt_action_rifle":2,"man:tearoftheman":5,"minecraft:rotten_flesh":6,"jeg:rifle_ammo":274,"minecraft:golden_apple":5},"minecraft:broken":{"takesapillage:ravager_horn":1},"minecraft:killed":{"minecraft:salmon":2,"minecraft:spider":1,"minecraft:creeper":3,"minecraft:squid":6,"minecraft:sheep":2,"minecraft:skeleton":1,"minecraft:zombie":4,"jeg:bubble":2,"man:manfromthefogback":1,"minecraft:warden":1}},"DataVersion":3465}