{"stats":{"minecraft:custom":{"minecraft:mob_kills":24,"minecraft:play_record":1,"minecraft:leave_game":2,"minecraft:time_since_death":24583,"minecraft:damage_resisted":2541,"minecraft:climb_one_cm":0,"minecraft:time_since_rest":24634,"minecraft:sprint_one_cm":106092,"minecraft:damage_absorbed":3036,"minecraft:damage_taken":9148,"minecraft:walk_one_cm":84403,"minecraft:drop":142,"minecraft:damage_dealt":100,"minecraft:damage_dealt_absorbed":1224,"minecraft:swim_one_cm":39538,"minecraft:fly_one_cm":180724,"minecraft:player_kills":1,"minecraft:crouch_one_cm":4151,"minecraft:play_time":70598,"minecraft:deaths":7,"minecraft:sneak_time":2509,"minecraft:walk_under_water_one_cm":15414,"minecraft:jump":921,"minecraft:walk_on_water_one_cm":28829,"minecraft:total_world_time":70598,"minecraft:fall_one_cm":33552},"minecraft:dropped":{"jeg:typhoonee":2,"jeg:holographic_sight":2,"minecraft:wheat_seeds":2,"jeg:silencer":2,"jeg:pocket_bubble":16,"anthropology_items__structures:trinitium_armor_boots":2,"anthropology_items__structures:trinitium_armor_helmet":2,"minecraft:netherite_helmet":2,"minecraft:netherite_chestplate":2,"jeg:vertical_grip":2,"jeg:light_grip":2,"anthropology_items__structures:trinitium_armor_chestplate":2,"minecraft:enchanted_golden_apple":192,"sophisticatedbackpacks:backpack":3,"jeg:grenade":32,"anthropology_items__structures:trinitium_armor_leggings":2,"jeg:rifle_ammo":4928,"minecraft:totem_of_undying":3,"minecraft:chainmail_helmet":1,"minecraft:golden_apple":64,"minecraft:netherite_leggings":2,"minecraft:emerald":1,"jeg:shotgun_shell":32,"anthropology_items__structures:quantum_apple":1,"jeg:healing_talisman":32,"anthropology_items__structures:trinitium_sword":1,"jeg:holy_shotgun":3,"jeg:drum_mag":1,"minecraft:netherite_boots":2,"sophisticatedbackpacks:netherite_backpack":1,"jeg:makeshift_stock":1,"jeg:light_stock":2,"jeg:combat_rifle":1,"jeg:weighted_stock":2,"minecraft:written_book":2,"jeg:handmade_shell":48},"minecraft:broken":{"anthropology_items__structures:trinitium_armor_helmet":1,"takesapillage:ravager_horn":1},"minecraft:killed":{"minecraft:vex":7,"minecraft:salmon":4,"minecraft:vindicator":1,"minecraft:pillager":7,"minecraft:zombie":1,"jeg:bubble":1,"minecraft:stray":1,"minecraft:illusioner":2},"minecraft:killed_by":{"minecraft:player":4,"minecraft:creeper":1},"minecraft:mined":{"minecraft:spruce_planks":1,"minecraft:grass_block":1,"minecraft:spruce_stairs":1,"minecraft:redstone_torch":2,"minecraft:jukebox":1,"minecraft:grass":2,"minecraft:light_gray_concrete":2,"minecraft:dirt":1},"minecraft:picked_up":{"jeg:makeshift_stock":1,"anthropology_items__structures:trinitium_armor_helmet":2,"minecraft:netherite_boots":1,"jeg:silencer":4,"jeg:light_grip":2,"minecraft:oak_log":3,"jeg:weighted_stock":3,"jeg:angled_grip":1,"minecraft:netherite_leggings":1,"minecraft:music_disc_cat":1,"minecraft:dirt":46,"jeg:combat_rifle":1,"jeg:grenade":32,"minecraft:wheat_seeds":2,"minecraft:spruce_planks":1,"jeg:pocket_bubble":16,"minecraft:redstone_torch":2,"jeg:light_stock":2,"anthropology_items__structures:trinitium_armor_leggings":2,"minecraft:enchanted_golden_apple":192,"sophisticatedbackpacks:netherite_backpack":1,"minecraft:jukebox":1,"jeg:drum_mag":2,"sophisticatedbackpacks:backpack":4,"minecraft:spruce_stairs":1,"anthropology_items__structures:trinitium_armor_boots":2,"anthropology_items__structures:trinitium_armor_chestplate":2,"minecraft:sand":1,"jeg:telescopic_sight":1,"jeg:vertical_grip":3,"minecraft:carrot":2,"jeg:tactical_stock":1,"jeg:handmade_shell":48,"minecraft:light_gray_concrete":2,"anthropology_items__structures:quantum_apple":1,"jeg:healing_talisman":32,"minecraft:rotten_flesh":3,"jeg:typhoonee":1,"minecraft:netherite_helmet":1,"jeg:holy_shotgun":3,"jeg:holographic_sight":3,"jeg:rifle_ammo":5121,"minecraft:golden_apple":64,"minecraft:chainmail_helmet":1,"minecraft:emerald":1,"minecraft:totem_of_undying":3,"minecraft:netherite_chestplate":1,"anthropology_items__structures:trinitium_sword":1,"minecraft:cobblestone":2},"minecraft:used":{"minecraft:water_bucket":1,"jeg:stun_grenade":4,"anthropology_items__structures:thermonuclear_bomb":1,"jeg:combat_rifle":658,"minecraft:ender_pearl":2,"minecraft:stone":5,"jeg:holy_shotgun":4,"minecraft:music_disc_cat":1,"jeg:typhoonee":12,"jeg:grenade":10,"minecraft:obsidian":50,"minecraft:redstone_torch":2,"jeg:healing_talisman":6,"minecraft:totem_of_undying":8,"anthropology_items__structures:trinitium_sword":8,"jeg:double_barrel_shotgun":33,"anthropology_items__structures:uranite_axe":3,"anthropology_items__structures:quantum_apple":1,"minecraft:end_crystal":14,"minecraft:bucket":1,"anthropology_items__structures:uranite_pickaxe":2,"takesapillage:ravager_horn":1,"jeg:pocket_bubble":15,"jeg:molotov_cocktail":12,"minecraft:jukebox":1,"jeg:water_bomb":17,"minecraft:enchanted_golden_apple":27}},"DataVersion":3465}