{"stats":{"minecraft:crafted":{"minecraft:oak_planks":20,"minecraft:crafting_table":1,"minecraft:stick":8,"minecraft:wooden_pickaxe":1},"minecraft:custom":{"minecraft:time_since_rest":3944,"minecraft:crouch_one_cm":698,"minecraft:sprint_one_cm":3124,"minecraft:play_time":3944,"minecraft:walk_one_cm":4265,"minecraft:sneak_time":113,"minecraft:walk_under_water_one_cm":109,"minecraft:jump":31,"minecraft:leave_game":2,"minecraft:walk_on_water_one_cm":120,"minecraft:time_since_death":3944,"minecraft:total_world_time":3944,"minecraft:swim_one_cm":531,"minecraft:interact_with_crafting_table":1,"minecraft:fall_one_cm":1045,"minecraft:fly_one_cm":8165},"minecraft:picked_up":{"minecraft:crafting_table":1,"minecraft:oak_log":5},"minecraft:mined":{"minecraft:grass":3,"minecraft:oak_log":5,"minecraft:crafting_table":1,"minecraft:oak_leaves":1},"minecraft:used":{"minecraft:crafting_table":1,"jeg:custom_smg":18}},"DataVersion":3465}