{"stats":{"minecraft:killed":{"minecraft:wolf":1,"minecraft:drowned":2,"minecraft:cow":4},"minecraft:crafted":{"minecraft:cooked_beef":1,"minecraft:oak_planks":36,"minecraft:wooden_shovel":1,"minecraft:crafting_table":2,"minecraft:furnace":1,"minecraft:stick":16,"minecraft:birch_boat":1,"minecraft:wooden_pickaxe":2,"minecraft:stone_pickaxe":1,"minecraft:stone_sword":1,"minecraft:dark_oak_planks":60,"minecraft:birch_planks":20,"minecraft:stone_axe":1,"minecraft:air":0},"minecraft:picked_up":{"minecraft:birch_log":5,"minecraft:crafting_table":3,"minecraft:birch_boat":1,"minecraft:leather":4,"minecraft:filled_map":1,"minecraft:sand":79,"minecraft:oak_log":9,"minecraft:dark_oak_log":15,"minecraft:paper":9,"minecraft:dirt":58,"man:cassette_1safetyinstructions":2,"minecraft:rotten_flesh":2,"minecraft:apple":1,"minecraft:beef":9,"minecraft:chest":1,"minecraft:coal":6,"minecraft:cobblestone":21},"minecraft:dropped":{"minecraft:rotten_flesh":2,"man:cassette_1safetyinstructions":2,"minecraft:sand":2,"minecraft:recovery_compass":1},"minecraft:mined":{"minecraft:birch_log":5,"minecraft:dark_oak_log":15,"minecraft:crafting_table":3,"minecraft:coal_ore":6,"minecraft:grass":2,"minecraft:chest":1,"minecraft:grass_block":7,"minecraft:oak_log":9,"minecraft:dirt":17,"minecraft:sand":82,"minecraft:stone":21,"minecraft:oak_leaves":12},"minecraft:killed_by":{"man:managgresive":1,"minecraft:player":2},"minecraft:used":{"minecraft:stone_pickaxe":8,"minecraft:birch_boat":1,"minecraft:chest":1,"minecraft:wooden_pickaxe":21,"minecraft:wooden_shovel":29,"minecraft:stone_axe":37,"minecraft:sand":38,"minecraft:dirt":16,"minecraft:crafting_table":4,"minecraft:furnace":1,"minecraft:cooked_beef":1},"minecraft:custom":{"minecraft:time_since_rest":17553,"minecraft:interact_with_furnace":4,"minecraft:sprint_one_cm":30417,"minecraft:damage_taken":875,"minecraft:walk_one_cm":27812,"minecraft:mob_kills":7,"minecraft:drop":5,"minecraft:damage_dealt":1041,"minecraft:swim_one_cm":26149,"minecraft:interact_with_crafting_table":7,"minecraft:fly_one_cm":56769,"minecraft:open_chest":28,"minecraft:crouch_one_cm":1751,"minecraft:play_time":22860,"minecraft:walk_under_water_one_cm":4182,"minecraft:deaths":3,"minecraft:sneak_time":1148,"minecraft:boat_one_cm":31050,"minecraft:jump":354,"minecraft:leave_game":5,"minecraft:walk_on_water_one_cm":4520,"minecraft:time_since_death":17495,"minecraft:climb_one_cm":1193,"minecraft:total_world_time":22860,"minecraft:fall_one_cm":7233}},"DataVersion":3465}