{"stats":{"minecraft:custom":{"minecraft:jump":78,"minecraft:open_chest":1,"minecraft:time_since_rest":4469,"minecraft:damage_taken":40,"minecraft:crouch_one_cm":103,"minecraft:leave_game":5,"minecraft:play_time":4469,"minecraft:sprint_one_cm":9457,"minecraft:time_since_death":4469,"minecraft:walk_on_water_one_cm":208,"minecraft:walk_one_cm":5399,"minecraft:sneak_time":115,"minecraft:climb_one_cm":346,"minecraft:total_world_time":4469,"minecraft:swim_one_cm":1001,"minecraft:fall_one_cm":3491,"minecraft:fly_one_cm":18136},"minecraft:picked_up":{"minecraft:sand":2},"minecraft:mined":{"minecraft:sand":2}},"DataVersion":3465}