{"stats":{"minecraft:custom":{"minecraft:time_since_rest":11742,"minecraft:open_chest":5,"minecraft:crouch_one_cm":16,"minecraft:play_time":11742,"minecraft:sprint_one_cm":23640,"minecraft:walk_one_cm":12071,"minecraft:sneak_time":13,"minecraft:walk_under_water_one_cm":1830,"minecraft:jump":121,"minecraft:damage_dealt":40,"minecraft:leave_game":1,"minecraft:time_since_death":11742,"minecraft:walk_on_water_one_cm":5393,"minecraft:total_world_time":11742,"minecraft:climb_one_cm":999,"minecraft:swim_one_cm":13661,"minecraft:fall_one_cm":209,"minecraft:fly_one_cm":431013},"minecraft:picked_up":{"minecraft:stick":5,"minecraft:bone":9,"minecraft:rotten_flesh":4,"minecraft:lever":2,"minecraft:iron_ingot":12,"minecraft:sand":1,"minecraft:gold_ingot":3},"minecraft:mined":{"minecraft:sand":1},"minecraft:used":{"minecraft:sand":1}},"DataVersion":3465}