{"stats":{"minecraft:custom":{"minecraft:time_since_rest":16123,"minecraft:crouch_one_cm":222,"minecraft:sprint_one_cm":2276,"minecraft:play_time":16123,"minecraft:walk_one_cm":15465,"minecraft:sneak_time":369,"minecraft:mob_kills":8,"minecraft:jump":68,"minecraft:damage_dealt":3475,"minecraft:leave_game":4,"minecraft:walk_on_water_one_cm":132,"minecraft:time_since_death":16123,"minecraft:total_world_time":16123,"minecraft:fall_one_cm":209,"minecraft:fly_one_cm":153952,"minecraft:open_chest":2},"minecraft:killed":{"minecraft:skeleton":1,"takesapillage:legioner":2,"takesapillage:skirmisher":1,"cave_dweller:cave_dweller":1,"minecraft:warden":1,"minecraft:zombified_piglin":1,"minecraft:piglin_brute":1},"minecraft:used":{"minecraft:warden_spawn_egg":7,"minecraft:redstone_torch":2,"anthropology_items__structures:uranite_sword":17,"the_knocker:knocker_spawn_egg":1,"minecraft:netherite_sword":17,"anthropology_items__structures:thermonuclear_bomb":3,"cave_dweller:cave_dweller_spawn_egg":1,"minecraft:iron_sword":3,"takesapillage:skirmisher_spawn_egg":1,"takesapillage:legioner_spawn_egg":2,"minecraft:piglin_brute_spawn_egg":2},"minecraft:picked_up":{"minecraft:bone":2,"minecraft:arrow":1,"minecraft:rotten_flesh":1,"minecraft:gold_nugget":1,"minecraft:emerald":2,"minecraft:iron_sword":1}},"DataVersion":3465}