{"stats":{"minecraft:dropped":{"minecraft:written_book":2},"minecraft:mined":{"minecraft:large_fern":2,"minecraft:podzol":3,"minecraft:grass":2,"minecraft:grass_block":1,"minecraft:coarse_dirt":3,"minecraft:sand":1,"minecraft:spruce_leaves":2,"minecraft:spruce_log":8,"minecraft:fern":4},"minecraft:custom":{"minecraft:time_since_rest":1420,"minecraft:crouch_one_cm":968,"minecraft:play_time":26265,"minecraft:sprint_one_cm":39275,"minecraft:damage_taken":2680,"minecraft:walk_one_cm":30275,"minecraft:deaths":9,"minecraft:sneak_time":757,"minecraft:walk_under_water_one_cm":2236,"minecraft:mob_kills":1,"minecraft:drop":2,"minecraft:jump":339,"minecraft:damage_dealt":613,"minecraft:leave_game":7,"minecraft:time_since_death":1373,"minecraft:walk_on_water_one_cm":6277,"minecraft:total_world_time":26265,"minecraft:swim_one_cm":13900,"minecraft:fly_one_cm":67993,"minecraft:fall_one_cm":11511},"minecraft:killed_by":{"minecraft:skeleton":5,"minecraft:creeper":2,"minecraft:zombie_villager":1},"minecraft:killed":{"minecraft:squid":1},"minecraft:used":{"minecraft:written_book":3,"minecraft:coarse_dirt":2},"minecraft:crafted":{"minecraft:spruce_planks":32},"minecraft:picked_up":{"minecraft:coarse_dirt":3,"minecraft:sand":1,"minecraft:written_book":1,"minecraft:ink_sac":2,"minecraft:spruce_log":8,"minecraft:dark_oak_log":3,"minecraft:dirt":4}},"DataVersion":3465}