{"stats":{"minecraft:used":{"minecraft:redstone_torch":4,"minecraft:diamond_pickaxe":13,"minecraft:iron_pickaxe":16,"minecraft:dirt":3,"minecraft:cobblestone":4,"minecraft:tnt":7},"minecraft:custom":{"minecraft:time_since_rest":14956,"minecraft:sprint_one_cm":42560,"minecraft:damage_taken":130,"minecraft:walk_one_cm":55969,"minecraft:mob_kills":6,"minecraft:drop":1,"minecraft:damage_dealt":1049,"minecraft:traded_with_villager":11,"minecraft:swim_one_cm":33904,"minecraft:talked_to_villager":2,"minecraft:fly_one_cm":1390152,"minecraft:open_barrel":2,"minecraft:open_chest":17,"minecraft:crouch_one_cm":309,"minecraft:play_time":98348,"minecraft:deaths":1,"minecraft:sneak_time":1259,"minecraft:walk_under_water_one_cm":27861,"minecraft:jump":333,"minecraft:leave_game":20,"minecraft:time_since_death":14906,"minecraft:walk_on_water_one_cm":1086,"minecraft:sleep_in_bed":2,"minecraft:climb_one_cm":303,"minecraft:total_world_time":98348,"minecraft:fall_one_cm":7262},"minecraft:picked_up":{"minecraft:book":1,"minecraft:charcoal":2,"minecraft:oak_fence":4,"anthropology_items__structures:limestone":1,"minecraft:dirt":3,"minecraft:moss_carpet":1,"minecraft:arrow":2,"minecraft:bone":1,"minecraft:rotten_flesh":2,"minecraft:beef":2,"minecraft:redstone_torch":1,"minecraft:azalea":1,"minecraft:mutton":2,"minecraft:white_wool":1,"minecraft:cobblestone":8},"minecraft:killed":{"minecraft:sheep":1,"minecraft:skeleton":1,"minecraft:zombie_villager":1,"minecraft:cow":1},"minecraft:mined":{"anthropology_items__structures:limestone":2,"minecraft:grass_block":3,"minecraft:spruce_leaves":1,"minecraft:stone":4},"minecraft:dropped":{"minecraft:bone":1},"minecraft:crafted":{"man:cassetteplayer":1,"minecraft:chiseled_polished_blackstone":10,"minecraft:air":0}},"DataVersion":3465}