{"stats":{"minecraft:killed":{"minecraft:squid":1},"minecraft:custom":{"minecraft:jump":38,"minecraft:time_since_rest":5207,"minecraft:leave_game":1,"minecraft:damage_dealt":100,"minecraft:walk_on_water_one_cm":990,"minecraft:crouch_one_cm":144,"minecraft:sprint_one_cm":2725,"minecraft:play_time":5207,"minecraft:time_since_death":5207,"minecraft:walk_one_cm":929,"minecraft:sneak_time":125,"minecraft:total_world_time":5207,"minecraft:walk_under_water_one_cm":1062,"minecraft:mob_kills":1,"minecraft:swim_one_cm":302,"minecraft:fall_one_cm":1732,"minecraft:fly_one_cm":8794},"minecraft:crafted":{"minecraft:spruce_planks":28},"minecraft:picked_up":{"minecraft:ink_sac":2,"minecraft:spruce_log":7},"minecraft:mined":{"minecraft:grass":1,"minecraft:spruce_leaves":1,"minecraft:spruce_log":7}},"DataVersion":3465}