{"stats":{"minecraft:mined":{"the_knocker:deadcow":1,"minecraft:spruce_planks":1,"minecraft:spruce_fence":4,"minecraft:melon":1,"minecraft:chest":1,"minecraft:spawner":10,"minecraft:dark_oak_stairs":2,"minecraft:smooth_quartz":4},"minecraft:custom":{"minecraft:mob_kills":242,"minecraft:interact_with_anvil":1,"minecraft:tune_noteblock":1,"minecraft:open_barrel":12,"minecraft:damage_dealt_resisted":7638,"minecraft:leave_game":1,"minecraft:time_since_death":53160,"minecraft:damage_resisted":808,"minecraft:climb_one_cm":1499,"minecraft:time_since_rest":53160,"minecraft:sprint_one_cm":95166,"minecraft:damage_absorbed":1852,"minecraft:damage_taken":1619,"minecraft:walk_one_cm":218739,"minecraft:drop":65,"minecraft:damage_dealt":20,"minecraft:swim_one_cm":948,"minecraft:fly_one_cm":444008,"minecraft:open_chest":15,"minecraft:crouch_one_cm":696,"minecraft:play_time":53160,"minecraft:sneak_time":312,"minecraft:walk_under_water_one_cm":1406,"minecraft:jump":493,"minecraft:walk_on_water_one_cm":183,"minecraft:total_world_time":53160,"minecraft:fall_one_cm":8734},"minecraft:dropped":{"minecraft:bread":20,"jeg:telescopic_sight":1,"jeg:holographic_sight":1,"minecraft:dark_oak_stairs":3,"anthropology_items__structures:trinitium_armor_boots":1,"anthropology_items__structures:trinitium_armor_helmet":1,"minecraft:diamond":64,"jeg:vertical_grip":2,"anthropology_items__structures:trinitium_armor_chestplate":1,"anthropology_items__structures:trinitium_armor_leggings":1,"anthropology_items__structures:uranite_sword":1,"jeg:rifle_ammo":1345,"minecraft:totem_of_undying":1,"minecraft:spruce_fence":4,"minecraft:coal":9,"jeg:tactical_stock":2,"minecraft:chainmail_chestplate":1,"minecraft:diamond_sword":1,"minecraft:gunpowder":4,"minecraft:spruce_planks":14,"minecraft:dark_oak_wood":2,"minecraft:melon_slice":3,"minecraft:smooth_quartz":11,"jeg:extended_mag":3,"minecraft:spider_eye":17,"minecraft:arrow":17,"jeg:blossom_rifle":1,"minecraft:string":64,"jeg:spectre_ammo":323,"jeg:handmade_shell":16,"minecraft:cyan_carpet":7,"minecraft:bone":61,"minecraft:redstone":1},"minecraft:picked_up":{"anthropology_items__structures:trinitium_armor_helmet":1,"minecraft:chicken":2,"minecraft:diamond_sword":2,"minecraft:chainmail_chestplate":1,"minecraft:gunpowder":6,"minecraft:string":65,"jeg:spectre_ammo":323,"minecraft:bone":61,"minecraft:cyan_carpet":7,"minecraft:bow":1,"minecraft:spruce_planks":14,"minecraft:smooth_quartz":11,"anthropology_items__structures:trinitium_armor_leggings":1,"minecraft:melon_slice":3,"minecraft:dark_oak_stairs":3,"anthropology_items__structures:trinitium_armor_boots":1,"minecraft:spruce_fence":4,"minecraft:porkchop":6,"anthropology_items__structures:trinitium_armor_chestplate":1,"jeg:telescopic_sight":1,"minecraft:ink_sac":2,"jeg:vertical_grip":2,"minecraft:redstone":1,"jeg:tactical_stock":2,"minecraft:spider_eye":17,"jeg:handmade_shell":16,"minecraft:oak_wood":4,"minecraft:arrow":17,"minecraft:rotten_flesh":3,"jeg:holographic_sight":1,"jeg:rifle_ammo":1281,"jeg:extended_mag":3,"minecraft:bread":20,"minecraft:dark_oak_wood":2,"minecraft:coal":9},"minecraft:killed":{"minecraft:cave_spider":28,"minecraft:pig":3,"minecraft:spider":56,"minecraft:squid":1,"minecraft:hoglin":4,"minecraft:creeper":17,"minecraft:phantom":7,"minecraft:sheep":5,"minecraft:skeleton":31,"minecraft:zombie":13,"minecraft:chicken":4,"jeg:bubble":2,"the_knocker:knockerstalklooked":1,"minecraft:wither_skeleton":42,"minecraft:cow":2,"minecraft:enderman":3},"minecraft:used":{"jeg:combat_rifle":1352,"jeg:holy_shotgun":241,"jeg:burst_rifle":13,"minecraft:anvil":1,"minecraft:totem_of_undying":2,"anthropology_items__structures:uranite_axe":6,"jeg:semi_auto_rifle":96,"jeg:blossom_rifle":147,"anthropology_items__structures:uranite_pickaxe":15,"jeg:pocket_bubble":28,"minecraft:enchanted_golden_apple":13}},"DataVersion":3465}