{"stats":{"minecraft:crafted":{"minecraft:oak_planks":16,"minecraft:crafting_table":1,"minecraft:wooden_pickaxe":1,"minecraft:stick":4,"minecraft:stone_pickaxe":1},"minecraft:custom":{"minecraft:interact_with_smithing_table":2,"minecraft:mob_kills":114,"minecraft:interact_with_crafting_table":4,"minecraft:open_barrel":14,"minecraft:eat_cake_slice":2,"minecraft:leave_game":16,"minecraft:time_since_death":40407,"minecraft:climb_one_cm":14473,"minecraft:damage_resisted":514,"minecraft:time_since_rest":40471,"minecraft:sprint_one_cm":264074,"minecraft:damage_absorbed":1079,"minecraft:damage_taken":3135,"minecraft:walk_one_cm":271160,"minecraft:drop":3,"minecraft:damage_dealt":15089,"minecraft:damage_dealt_absorbed":160,"minecraft:swim_one_cm":9128,"minecraft:talked_to_villager":6,"minecraft:fly_one_cm":1173750,"minecraft:open_chest":27,"minecraft:crouch_one_cm":4443,"minecraft:play_time":188584,"minecraft:deaths":8,"minecraft:sneak_time":2515,"minecraft:walk_under_water_one_cm":5128,"minecraft:jump":1518,"minecraft:walk_on_water_one_cm":25992,"minecraft:total_world_time":188584,"minecraft:fall_one_cm":25435},"minecraft:dropped":{"minecraft:iron_ingot":3},"minecraft:killed":{"minecraft:cave_spider":1,"minecraft:pig":4,"minecraft:zombified_piglin":1,"minecraft:zombie_villager":1,"takesapillage:legioner":2,"takesapillage:skirmisher":2,"minecraft:vindicator":11,"minecraft:spider":7,"minecraft:creeper":7,"minecraft:sheep":2,"minecraft:horse":5,"minecraft:skeleton":10,"minecraft:pillager":17,"minecraft:zombie":27,"minecraft:drowned":1,"cave_dweller:cave_dweller":1,"minecraft:warden":1,"minecraft:piglin_brute":1,"minecraft:villager":2,"minecraft:cow":4},"minecraft:mined":{"minecraft:oak_fence":1,"minecraft:gray_stained_glass_pane":2,"minecraft:crafting_table":3,"minecraft:grass_block":7,"anthropology_items__structures:lead_ore":5,"minecraft:tall_grass":13,"minecraft:oxeye_daisy":1,"minecraft:redstone_torch":1,"minecraft:iron_ore":1,"minecraft:grass":20,"minecraft:oak_log":4,"minecraft:coal_ore":23,"minecraft:dirt":8,"minecraft:stone":55,"minecraft:oak_leaves":3},"minecraft:killed_by":{"minecraft:vindicator":1,"man:managgresive":1,"takesapillage:legioner":3,"minecraft:zombie":1,"minecraft:drowned":1,"cave_dweller:cave_dweller":1},"minecraft:picked_up":{"minecraft:crafting_table":3,"minecraft:leather_leggings":1,"minecraft:leather":4,"minecraft:wooden_pickaxe":1,"minecraft:oak_log":4,"minecraft:gunpowder":11,"minecraft:dirt":12,"minecraft:string":9,"jeg:grenade":6,"minecraft:experience_bottle":1,"minecraft:bone":14,"minecraft:wheat_seeds":3,"minecraft:gold_nugget":1,"minecraft:beef":4,"minecraft:redstone_torch":4,"minecraft:iron_sword":1,"minecraft:raw_iron":1,"anthropology_items__structures:raw_lead":5,"minecraft:oak_fence":1,"sophisticatedbackpacks:backpack":1,"minecraft:porkchop":10,"minecraft:spruce_sapling":1,"minecraft:carrot":1,"minecraft:redstone":1,"minecraft:spider_eye":3,"minecraft:leather_helmet":1,"minecraft:arrow":15,"minecraft:rotten_flesh":18,"minecraft:lever":2,"minecraft:emerald":5,"minecraft:oak_sapling":1,"minecraft:coal":23,"minecraft:cobblestone":55,"minecraft:oxeye_daisy":1},"minecraft:used":{"minecraft:netherite_sword":17,"jeg:combat_rifle":274,"anthropology_items__structures:thermonuclear_bomb":5,"minecraft:carved_pumpkin":16,"cave_dweller:cave_dweller_spawn_egg":2,"minecraft:stone_pickaxe":35,"minecraft:netherite_chestplate":2,"minecraft:wooden_pickaxe":9,"takesapillage:skirmisher_spawn_egg":2,"minecraft:iron_sword":3,"minecraft:zombie_spawn_egg":9,"jeg:holy_shotgun":86,"takesapillage:legioner_spawn_egg":3,"jeg:atlantean_spear":6,"minecraft:torch":24,"anthropology_items__structures:hunters_machete":2,"minecraft:dirt":1,"minecraft:netherite_leggings":2,"minecraft:crafting_table":3,"jeg:typhoonee":1,"minecraft:netherite_helmet":2,"jeg:grenade":2,"minecraft:warden_spawn_egg":7,"minecraft:redstone_torch":6,"the_knocker:knocker_spawn_egg":1,"minecraft:netherite_shovel":2,"minecraft:iron_block":61,"minecraft:string":1,"minecraft:piglin_brute_spawn_egg":2,"anthropology_items__structures:trinitium_sword":12,"anthropology_items__structures:uranite_sword":27,"minecraft:netherite_boots":2,"minecraft:diamond_sword":197,"minecraft:cobblestone":1,"minecraft:oak_sapling":1,"minecraft:netherite_pickaxe":56,"jeg:waterpipe_shotgun":23,"minecraft:enchanted_golden_apple":11}},"DataVersion":3465}