{"stats":{"minecraft:mined":{"minecraft:grass_block":3,"anthropology_items__structures:limestone":2,"minecraft:spruce_leaves":1,"minecraft:stone":4},"minecraft:custom":{"minecraft:time_since_rest":3710,"minecraft:crouch_one_cm":165,"minecraft:sprint_one_cm":18207,"minecraft:play_time":24674,"minecraft:damage_taken":130,"minecraft:walk_one_cm":32214,"minecraft:sneak_time":117,"minecraft:mob_kills":1,"minecraft:jump":156,"minecraft:damage_dealt":169,"minecraft:leave_game":9,"minecraft:time_since_death":24674,"minecraft:sleep_in_bed":1,"minecraft:total_world_time":24674,"minecraft:fall_one_cm":7262,"minecraft:fly_one_cm":211211},"minecraft:picked_up":{"minecraft:beef":2,"anthropology_items__structures:limestone":1,"minecraft:dirt":3,"minecraft:cobblestone":4},"minecraft:used":{"minecraft:diamond_pickaxe":6,"minecraft:dirt":3,"minecraft:iron_pickaxe":4},"minecraft:killed":{"minecraft:cow":1}},"DataVersion":3465}