{"stats":{"minecraft:mined":{"minecraft:grass":1,"minecraft:spruce_leaves":1,"minecraft:spruce_log":8},"minecraft:crafted":{"minecraft:spruce_planks":32},"minecraft:killed":{"minecraft:squid":1},"minecraft:picked_up":{"minecraft:ink_sac":2,"minecraft:spruce_log":8},"minecraft:custom":{"minecraft:jump":56,"minecraft:time_since_rest":7388,"minecraft:damage_dealt":100,"minecraft:leave_game":2,"minecraft:time_since_death":7388,"minecraft:crouch_one_cm":144,"minecraft:play_time":7388,"minecraft:sprint_one_cm":3666,"minecraft:walk_on_water_one_cm":990,"minecraft:walk_one_cm":2532,"minecraft:total_world_time":7388,"minecraft:sneak_time":125,"minecraft:walk_under_water_one_cm":1062,"minecraft:mob_kills":1,"minecraft:swim_one_cm":302,"minecraft:fall_one_cm":1941,"minecraft:fly_one_cm":10061}},"DataVersion":3465}