{"stats":{"minecraft:dropped":{"minecraft:water_bucket":1,"minecraft:sugar_cane":3,"minecraft:wheat_seeds":3,"mowziesmobs:foliaath_seed":1,"minecraft:netherite_helmet":2,"minecraft:netherite_chestplate":1,"minecraft:feather":2,"jeg:bolt_action_rifle":1,"mowziesmobs:grottol_spawn_egg":1,"jeg:rifle_ammo":248,"mowziesmobs:foliaath_spawn_egg":1,"mowziesmobs:umvuthana_raptor_spawn_egg":1,"minecraft:golden_apple":5,"minecraft:netherite_leggings":1,"mowziesmobs:naga_fang":1,"mowziesmobs:umvuthi_spawn_egg":1,"mowziesmobs:naga_spawn_egg":1,"jeg:revolver":1,"mowziesmobs:lantern_spawn_egg":2,"minecraft:gunpowder":4,"minecraft:mutton":2,"minecraft:netherite_boots":1,"minecraft:iron_leggings":2,"minecraft:spider_eye":2,"mowziesmobs:umvuthana_crane_spawn_egg":1,"minecraft:string":7,"minecraft:written_book":7,"minecraft:white_wool":1,"jeg:pistol_ammo":192,"minecraft:bone":4},"minecraft:killed_by":{"mowziesmobs:ferrous_wroughtnaut":5,"minecraft:player":3,"minecraft:skeleton":2,"mowziesmobs:foliaath":1},"minecraft:used":{"man:ritualblockoff":1,"minecraft:water_bucket":8,"minecraft:stone_sword":21,"jeg:combat_rifle":1123,"minecraft:netherite_chestplate":1,"minecraft:stone":1,"minecraft:golden_apple":5,"mowziesmobs:umvuthana_crane_spawn_egg":1,"mowziesmobs:naga_spawn_egg":2,"minecraft:white_wool":3,"minecraft:sugar_cane":239,"mowziesmobs:umvuthana_raptor_spawn_egg":1,"mowziesmobs:foliaath_spawn_egg":2,"minecraft:torch":1,"minecraft:dirt":3,"minecraft:netherite_leggings":1,"mowziesmobs:wroughtnaut_spawn_egg":1,"mowziesmobs:frostmaw_spawn_egg":1,"mowziesmobs:lantern_spawn_egg":1,"mowziesmobs:grottol_spawn_egg":1,"minecraft:netherite_helmet":2,"jeg:bolt_action_rifle":34,"man:cassetteplayer":2,"minecraft:sticky_piston":4,"minecraft:piston":3,"mowziesmobs:umvuthana_mask_faith":2,"mowziesmobs:umvuthi_spawn_egg":1,"minecraft:netherite_boots":1,"mowziesmobs:earthbore_gauntlet":1,"minecraft:written_book":2,"minecraft:pitcher_plant":10,"jeg:revolver":167,"minecraft:enchanted_golden_apple":6,"minecraft:iron_leggings":1},"minecraft:custom":{"minecraft:mob_kills":138,"minecraft:traded_with_villager":22,"minecraft:open_barrel":1,"minecraft:damage_dealt_resisted":759,"minecraft:leave_game":18,"minecraft:time_since_death":57102,"minecraft:damage_resisted":599,"minecraft:climb_one_cm":19231,"minecraft:time_since_rest":57133,"minecraft:damage_absorbed":947,"minecraft:sprint_one_cm":187796,"minecraft:damage_taken":5612,"minecraft:walk_one_cm":348803,"minecraft:drop":53,"minecraft:damage_dealt":2315,"minecraft:damage_dealt_absorbed":270,"minecraft:player_kills":3,"minecraft:swim_one_cm":11272,"minecraft:talked_to_villager":16,"minecraft:fly_one_cm":912997,"minecraft:open_chest":17,"minecraft:crouch_one_cm":24906,"minecraft:play_time":206483,"minecraft:deaths":15,"minecraft:sneak_time":12144,"minecraft:walk_under_water_one_cm":10398,"minecraft:jump":1225,"minecraft:walk_on_water_one_cm":11260,"minecraft:total_world_time":206483,"minecraft:fall_one_cm":20548},"minecraft:crafted":{"minecraft:oak_planks":20,"man:cassetteplayer":2,"minecraft:chiseled_polished_blackstone":20,"minecraft:air":0},"minecraft:picked_up":{"mowziesmobs:lantern_spawn_egg":1,"minecraft:feather":10,"minecraft:ladder":1,"minecraft:leather":2,"mowziesmobs:glowing_jelly":1,"minecraft:oak_log":5,"jeg:scrap":5,"minecraft:gunpowder":5,"minecraft:dirt":18,"minecraft:string":19,"man:cassette_1safetyinstructions":3,"mowziesmobs:foliaath_spawn_egg":1,"mowziesmobs:umvuthana_raptor_spawn_egg":1,"minecraft:bone":5,"mowziesmobs:foliaath_seed":2,"minecraft:wheat_seeds":5,"minecraft:written_book":2,"minecraft:rabbit":1,"minecraft:sugar_cane":218,"minecraft:chiseled_polished_blackstone":10,"jeg:pistol_ammo":64,"mowziesmobs:sol_visage":1,"minecraft:spider_eye":4,"minecraft:rabbit_foot":1,"mowziesmobs:naga_fang":1,"mowziesmobs:umvuthana_mask_faith":1,"man:tearoftheman":2,"minecraft:arrow":4,"minecraft:rotten_flesh":5,"mowziesmobs:ice_crystal":1,"jeg:rifle_ammo":192,"minecraft:bread":1,"minecraft:netherite_chestplate":1,"minecraft:mutton":2,"minecraft:white_wool":1},"minecraft:mined":{"minecraft:ladder":1,"minecraft:grass_block":7,"minecraft:tall_grass":5,"minecraft:sugar_cane":5,"minecraft:grass":6,"minecraft:oak_log":5,"minecraft:dirt":1},"minecraft:killed":{"the_knocker:knockerdeadanimal":1,"man:managgresive":2,"mowziesmobs:umvuthi":1,"minecraft:vindicator":1,"minecraft:rabbit":1,"minecraft:spider":6,"minecraft:bat":1,"mowziesmobs:umvuthana_follower_raptor":2,"man:manfromthefog":1,"mowziesmobs:frostmaw":1,"minecraft:creeper":14,"mowziesmobs:lantern":1,"minecraft:sheep":3,"minecraft:horse":1,"minecraft:skeleton":11,"minecraft:pillager":15,"minecraft:zombie":20,"minecraft:chicken":3,"mowziesmobs:umvuthana_crane":6,"mowziesmobs:foliaath":2,"mowziesmobs:umvuthana":3,"minecraft:cow":2,"mowziesmobs:naga":2}},"DataVersion":3465}