{"stats":{"minecraft:crafted":{"minecraft:oak_planks":20,"man:cassetteplayer":2,"minecraft:chiseled_polished_blackstone":20,"minecraft:air":0},"minecraft:used":{"man:ritualblockoff":1,"minecraft:sticky_piston":4,"minecraft:piston":3,"minecraft:water_bucket":8,"minecraft:stone_sword":21,"jeg:combat_rifle":391,"minecraft:stone":1,"minecraft:torch":1,"minecraft:sugar_cane":239,"minecraft:golden_apple":5,"minecraft:white_wool":3,"minecraft:dirt":3,"minecraft:pitcher_plant":10,"minecraft:written_book":2,"jeg:revolver":167,"jeg:bolt_action_rifle":34,"minecraft:iron_leggings":1,"man:cassetteplayer":2},"minecraft:killed_by":{"minecraft:player":3,"minecraft:skeleton":2},"minecraft:mined":{"minecraft:grass":1,"minecraft:ladder":1,"minecraft:grass_block":5,"minecraft:oak_log":5,"minecraft:dirt":1,"minecraft:sugar_cane":5},"minecraft:custom":{"minecraft:time_since_rest":64695,"minecraft:damage_absorbed":200,"minecraft:sprint_one_cm":86460,"minecraft:damage_taken":2679,"minecraft:walk_one_cm":129298,"minecraft:mob_kills":46,"minecraft:drop":17,"minecraft:damage_dealt":1858,"minecraft:traded_with_villager":22,"minecraft:damage_dealt_absorbed":230,"minecraft:player_kills":3,"minecraft:swim_one_cm":11272,"minecraft:talked_to_villager":16,"minecraft:fly_one_cm":389754,"minecraft:open_barrel":1,"minecraft:open_chest":17,"minecraft:play_time":122104,"minecraft:crouch_one_cm":15176,"minecraft:deaths":8,"minecraft:sneak_time":5779,"minecraft:walk_under_water_one_cm":8365,"minecraft:jump":658,"minecraft:leave_game":10,"minecraft:time_since_death":64667,"minecraft:walk_on_water_one_cm":10946,"minecraft:total_world_time":122104,"minecraft:climb_one_cm":19231,"minecraft:fall_one_cm":11098},"minecraft:picked_up":{"minecraft:chiseled_polished_blackstone":10,"minecraft:ladder":1,"jeg:pistol_ammo":64,"minecraft:oak_log":5,"minecraft:dirt":18,"minecraft:spider_eye":1,"minecraft:string":2,"man:cassette_1safetyinstructions":3,"man:tearoftheman":2,"minecraft:bone":1,"minecraft:arrow":4,"minecraft:wheat_seeds":1,"jeg:rifle_ammo":192,"minecraft:sugar_cane":218,"minecraft:mutton":2,"minecraft:white_wool":1},"minecraft:killed":{"minecraft:sheep":2,"minecraft:skeleton":8,"the_knocker:knockerdeadanimal":1,"minecraft:pillager":15,"minecraft:zombie":4,"man:managgresive":1,"minecraft:chicken":3,"minecraft:spider":4,"minecraft:vindicator":1,"minecraft:creeper":5,"minecraft:cow":1},"minecraft:dropped":{"minecraft:water_bucket":1,"jeg:revolver":1,"minecraft:sugar_cane":3,"minecraft:mutton":2,"minecraft:iron_leggings":2,"jeg:bolt_action_rifle":1,"jeg:rifle_ammo":248,"minecraft:written_book":1,"minecraft:white_wool":1,"jeg:pistol_ammo":192,"minecraft:golden_apple":5}},"DataVersion":3465}