{"stats":{"minecraft:used":{"minecraft:dirt":3},"minecraft:mined":{"minecraft:spruce_leaves":1,"minecraft:grass_block":3},"minecraft:picked_up":{"minecraft:dirt":3},"minecraft:custom":{"minecraft:jump":123,"minecraft:time_since_rest":4018,"minecraft:leave_game":1,"minecraft:sprint_one_cm":13869,"minecraft:play_time":4018,"minecraft:damage_taken":130,"minecraft:time_since_death":4018,"minecraft:walk_one_cm":2709,"minecraft:total_world_time":4018,"minecraft:fall_one_cm":7262,"minecraft:fly_one_cm":23011}},"DataVersion":3465}