{"stats":{"minecraft:killed":{"minecraft:spider":1,"minecraft:zombie":1,"minecraft:salmon":1},"minecraft:mined":{"minecraft:dead_bush":4,"minecraft:sand":4},"minecraft:custom":{"minecraft:open_chest":2,"minecraft:time_since_rest":16637,"minecraft:crouch_one_cm":393,"minecraft:sprint_one_cm":7400,"minecraft:play_time":16637,"minecraft:walk_one_cm":13704,"minecraft:sneak_time":563,"minecraft:walk_under_water_one_cm":30646,"minecraft:mob_kills":3,"minecraft:jump":121,"minecraft:damage_dealt":1027,"minecraft:leave_game":2,"minecraft:walk_on_water_one_cm":3196,"minecraft:time_since_death":16637,"minecraft:total_world_time":16637,"minecraft:swim_one_cm":1481,"minecraft:fall_one_cm":2926,"minecraft:fly_one_cm":345591},"minecraft:used":{"minecraft:warden_spawn_egg":23,"minecraft:red_sand":1,"minecraft:sand":2,"minecraft:wooden_pickaxe":16,"minecraft:calibrated_sculk_sensor":18},"minecraft:picked_up":{"minecraft:stick":1,"minecraft:salmon":1,"minecraft:sand":4,"minecraft:spider_eye":1,"minecraft:string":2}},"DataVersion":3465}