{"stats":{"minecraft:custom":{"minecraft:jump":64,"minecraft:time_since_rest":3245,"minecraft:walk_on_water_one_cm":208,"minecraft:crouch_one_cm":103,"minecraft:leave_game":4,"minecraft:play_time":3245,"minecraft:sprint_one_cm":6922,"minecraft:damage_taken":40,"minecraft:time_since_death":3245,"minecraft:walk_one_cm":2286,"minecraft:sneak_time":115,"minecraft:total_world_time":3245,"minecraft:swim_one_cm":1001,"minecraft:fall_one_cm":3491,"minecraft:fly_one_cm":15874},"minecraft:mined":{"minecraft:sand":2},"minecraft:picked_up":{"minecraft:sand":2}},"DataVersion":3465}