{"stats":{"minecraft:killed":{"minecraft:pig":5,"minecraft:spider":1,"minecraft:creeper":1,"minecraft:sheep":7,"minecraft:skeleton":1,"minecraft:zombie":9,"minecraft:chicken":1,"minecraft:enderman":1,"minecraft:cow":8},"minecraft:crafted":{"minecraft:oak_planks":48,"minecraft:crafting_table":1,"minecraft:wooden_pickaxe":1,"minecraft:stick":8,"minecraft:stone_pickaxe":1},"minecraft:picked_up":{"minecraft:crafting_table":2,"minecraft:feather":2,"minecraft:chicken":1,"minecraft:leather":10,"minecraft:potato":1,"minecraft:oak_log":12,"minecraft:dirt":39,"minecraft:red_bed":1,"minecraft:string":2,"man:cassette_1safetyinstructions":1,"minecraft:cooked_mutton":4,"minecraft:bone":2,"minecraft:beef":13,"minecraft:stick":7,"minecraft:cooked_porkchop":10,"minecraft:torch":1,"minecraft:dandelion":1,"minecraft:porkchop":10,"minecraft:sand":23,"minecraft:grass_block":1,"minecraft:rotten_flesh":5,"minecraft:gray_wool":2,"minecraft:mutton":10,"minecraft:white_wool":12,"minecraft:cobblestone":6,"minecraft:ender_pearl":1},"minecraft:dropped":{"minecraft:compass":2,"man:cassette_1safetyinstructions":3,"minecraft:grass_block":1,"minecraft:leather_helmet":1,"minecraft:stick":7,"minecraft:dirt":39,"minecraft:gray_wool":1,"minecraft:map":7,"minecraft:sand":21,"minecraft:paper":11,"minecraft:string":2,"minecraft:written_book":5,"minecraft:white_wool":2,"minecraft:dandelion":1,"minecraft:bone":2},"minecraft:mined":{"minecraft:crafting_table":2,"minecraft:torch":1,"minecraft:grass_block":4,"minecraft:grass":3,"minecraft:oak_log":12,"minecraft:vine":2,"minecraft:sand":2,"minecraft:dirt":3,"minecraft:stone":6,"minecraft:oak_leaves":2},"minecraft:killed_by":{"minecraft:wolf":1,"minecraft:skeleton":1,"minecraft:creeper":2,"minecraft:enderman":1},"minecraft:custom":{"minecraft:mob_kills":34,"minecraft:interact_with_crafting_table":4,"minecraft:interact_with_campfire":15,"minecraft:leave_game":3,"minecraft:time_since_death":18243,"minecraft:sleep_in_bed":3,"minecraft:climb_one_cm":3965,"minecraft:time_since_rest":16981,"minecraft:sprint_one_cm":127302,"minecraft:damage_taken":2080,"minecraft:walk_one_cm":76393,"minecraft:drop":21,"minecraft:damage_dealt":5388,"minecraft:swim_one_cm":14153,"minecraft:fly_one_cm":164699,"minecraft:player_kills":2,"minecraft:open_chest":8,"minecraft:crouch_one_cm":2674,"minecraft:play_time":46978,"minecraft:deaths":5,"minecraft:sneak_time":1254,"minecraft:walk_under_water_one_cm":2263,"minecraft:jump":843,"minecraft:walk_on_water_one_cm":13351,"minecraft:total_world_time":46978,"minecraft:fall_one_cm":18555},"minecraft:used":{"minecraft:cooked_mutton":4,"minecraft:wooden_pickaxe":6,"minecraft:rotten_flesh":5,"minecraft:torch":1,"anthropology_items__structures:hunters_machete":113,"minecraft:sand":2,"minecraft:crafting_table":2,"minecraft:written_book":1,"minecraft:cooked_porkchop":7,"minecraft:potato":1}},"DataVersion":3465}