{"stats":{"minecraft:dropped":{"minecraft:iron_ingot":3},"minecraft:crafted":{"minecraft:oak_planks":16,"minecraft:crafting_table":1,"minecraft:wooden_pickaxe":1,"minecraft:stick":4,"minecraft:stone_pickaxe":1},"minecraft:used":{"minecraft:netherite_sword":17,"anthropology_items__structures:thermonuclear_bomb":3,"minecraft:carved_pumpkin":16,"cave_dweller:cave_dweller_spawn_egg":2,"minecraft:stone_pickaxe":35,"minecraft:netherite_chestplate":2,"minecraft:wooden_pickaxe":9,"minecraft:zombie_spawn_egg":9,"takesapillage:skirmisher_spawn_egg":2,"minecraft:iron_sword":3,"takesapillage:legioner_spawn_egg":3,"minecraft:torch":22,"anthropology_items__structures:hunters_machete":2,"minecraft:dirt":1,"minecraft:netherite_leggings":2,"minecraft:crafting_table":3,"minecraft:netherite_helmet":2,"minecraft:warden_spawn_egg":7,"minecraft:redstone_torch":4,"the_knocker:knocker_spawn_egg":1,"minecraft:netherite_shovel":2,"minecraft:iron_block":61,"minecraft:string":1,"minecraft:piglin_brute_spawn_egg":2,"anthropology_items__structures:trinitium_sword":12,"anthropology_items__structures:uranite_sword":27,"minecraft:netherite_boots":2,"minecraft:diamond_sword":192,"minecraft:cobblestone":1,"minecraft:oak_sapling":1,"minecraft:netherite_pickaxe":56,"minecraft:enchanted_golden_apple":7},"minecraft:killed_by":{"minecraft:vindicator":1,"man:managgresive":1,"takesapillage:legioner":3,"minecraft:zombie":1,"minecraft:drowned":1,"cave_dweller:cave_dweller":1},"minecraft:custom":{"minecraft:interact_with_smithing_table":2,"minecraft:mob_kills":56,"minecraft:interact_with_crafting_table":4,"minecraft:open_barrel":14,"minecraft:eat_cake_slice":2,"minecraft:leave_game":12,"minecraft:time_since_death":1040,"minecraft:climb_one_cm":13838,"minecraft:damage_resisted":390,"minecraft:time_since_rest":1104,"minecraft:sprint_one_cm":213193,"minecraft:damage_absorbed":831,"minecraft:damage_taken":2889,"minecraft:walk_one_cm":211776,"minecraft:drop":3,"minecraft:damage_dealt":14672,"minecraft:damage_dealt_absorbed":160,"minecraft:swim_one_cm":6502,"minecraft:talked_to_villager":6,"minecraft:fly_one_cm":870562,"minecraft:open_chest":25,"minecraft:crouch_one_cm":4229,"minecraft:play_time":149217,"minecraft:deaths":8,"minecraft:sneak_time":2325,"minecraft:walk_under_water_one_cm":975,"minecraft:jump":1275,"minecraft:walk_on_water_one_cm":8009,"minecraft:total_world_time":149217,"minecraft:fall_one_cm":24750},"minecraft:mined":{"minecraft:gray_stained_glass_pane":2,"minecraft:oak_fence":1,"minecraft:crafting_table":3,"minecraft:grass_block":7,"anthropology_items__structures:lead_ore":5,"minecraft:tall_grass":13,"minecraft:oxeye_daisy":1,"minecraft:redstone_torch":1,"minecraft:iron_ore":1,"minecraft:grass":20,"minecraft:oak_log":4,"minecraft:coal_ore":23,"minecraft:dirt":8,"minecraft:stone":55,"minecraft:oak_leaves":3},"minecraft:picked_up":{"minecraft:crafting_table":3,"minecraft:leather_leggings":1,"minecraft:leather":1,"minecraft:wooden_pickaxe":1,"minecraft:oak_log":4,"minecraft:gunpowder":2,"minecraft:dirt":12,"minecraft:string":8,"minecraft:experience_bottle":1,"minecraft:bone":9,"minecraft:wheat_seeds":2,"minecraft:gold_nugget":1,"minecraft:beef":4,"minecraft:redstone_torch":3,"minecraft:iron_sword":1,"minecraft:raw_iron":1,"anthropology_items__structures:raw_lead":5,"minecraft:oak_fence":1,"sophisticatedbackpacks:backpack":1,"minecraft:porkchop":10,"minecraft:carrot":1,"minecraft:redstone":1,"minecraft:spider_eye":2,"minecraft:leather_helmet":1,"minecraft:arrow":15,"minecraft:rotten_flesh":14,"minecraft:lever":2,"minecraft:emerald":2,"minecraft:oak_sapling":1,"minecraft:coal":23,"minecraft:cobblestone":55,"minecraft:oxeye_daisy":1},"minecraft:killed":{"minecraft:cave_spider":1,"minecraft:pig":4,"minecraft:zombified_piglin":1,"minecraft:zombie_villager":1,"takesapillage:legioner":2,"takesapillage:skirmisher":2,"minecraft:spider":4,"minecraft:skeleton":8,"minecraft:pillager":2,"minecraft:zombie":23,"cave_dweller:cave_dweller":1,"minecraft:warden":1,"minecraft:piglin_brute":1,"minecraft:villager":2,"minecraft:cow":2}},"DataVersion":3465}