{"stats":{"minecraft:used":{"magistuarmory:netherite_heavywarhammer":23,"minecraft:villager_spawn_egg":51,"minecraft:carved_pumpkin":2,"minecraft:iron_block":9,"mowziesmobs:frostmaw_spawn_egg":2,"mowziesmobs:wroughtnaut_spawn_egg":1,"magistuarmory:heavy_crossbow":2,"minecraft:crossbow":12,"magistuarmory:longbow":5,"mowziesmobs:wrought_axe":24},"minecraft:dropped":{"mowziesmobs:wroughtnaut_spawn_egg":1},"minecraft:killed":{"minecraft:skeleton":3,"guardvillagers:guard":2,"minecraft:zombie":2,"minecraft:spider":3,"mowziesmobs:frostmaw":2,"minecraft:cow":2,"minecraft:phantom":1},"minecraft:picked_up":{"minecraft:birch_door":1,"magistuarmory:netherite_heavywarhammer":9,"magistuarmory:netherite_chivalrylance":2,"minecraft:leather":1,"magistuarmory:longbow":1,"minecraft:stone_button":1,"magistuarmory:lamellar_boots":1,"magistuarmory:netherite_heavymace":2,"minecraft:spider_eye":2,"magistuarmory:wingedhussar_chestplate":1,"minecraft:string":2,"minecraft:item_frame":1,"minecraft:arrow":4,"magistuarmory:heavy_crossbow":2,"minecraft:bone":5,"minecraft:cyan_carpet":1,"minecraft:iron_ingot":24,"minecraft:beef":5,"mowziesmobs:ice_crystal":1,"minecraft:crossbow":1,"minecraft:gold_ingot":15,"minecraft:chainmail_helmet":1,"minecraft:poppy":2,"magistuarmory:iron_heatershield":1,"minecraft:phantom_membrane":1},"minecraft:custom":{"minecraft:time_since_rest":41153,"minecraft:sprint_one_cm":54686,"minecraft:damage_taken":30,"minecraft:walk_one_cm":106397,"minecraft:mob_kills":15,"minecraft:drop":1,"minecraft:damage_dealt":2429,"minecraft:talked_to_villager":12,"minecraft:fly_one_cm":248328,"minecraft:open_barrel":2,"minecraft:open_chest":2,"minecraft:crouch_one_cm":6453,"minecraft:play_time":41153,"minecraft:sneak_time":2123,"minecraft:jump":304,"minecraft:damage_dealt_resisted":757,"minecraft:leave_game":2,"minecraft:time_since_death":41153,"minecraft:climb_one_cm":1101,"minecraft:total_world_time":45232,"minecraft:fall_one_cm":2507}},"DataVersion":3465}