{"stats":{"minecraft:crafted":{"minecraft:oak_planks":16,"minecraft:stone_pickaxe":1,"minecraft:crafting_table":1,"minecraft:wooden_pickaxe":1,"minecraft:stick":4},"minecraft:custom":{"minecraft:interact_with_smithing_table":2,"minecraft:mob_kills":161,"minecraft:interact_with_anvil":3,"minecraft:interact_with_crafting_table":4,"minecraft:open_barrel":21,"minecraft:eat_cake_slice":2,"minecraft:leave_game":23,"minecraft:time_since_death":3358,"minecraft:climb_one_cm":14541,"minecraft:damage_resisted":1740,"minecraft:sprint_one_cm":362663,"minecraft:walk_one_cm":448930,"minecraft:drop":102,"minecraft:damage_dealt_absorbed":2443,"minecraft:talked_to_villager":8,"minecraft:play_time":264157,"minecraft:deaths":12,"minecraft:sneak_time":3930,"minecraft:walk_under_water_one_cm":17889,"minecraft:jump":2233,"minecraft:walk_on_water_one_cm":44916,"minecraft:total_world_time":264157,"minecraft:time_since_rest":3483,"minecraft:damage_taken":6750,"minecraft:damage_absorbed":3561,"minecraft:damage_dealt":15089,"minecraft:swim_one_cm":33328,"minecraft:fly_one_cm":1486737,"minecraft:player_kills":4,"minecraft:open_chest":29,"minecraft:crouch_one_cm":6031,"minecraft:fall_one_cm":40036},"minecraft:dropped":{"minecraft:iron_ingot":3,"jeg:telescopic_sight":2,"jeg:holographic_sight":4,"minecraft:porkchop":7,"jeg:silencer":4,"anthropology_items__structures:trinitium_armor_helmet":2,"anthropology_items__structures:hunters_machete":2,"minecraft:netherite_chestplate":1,"minecraft:netherite_helmet":1,"jeg:vertical_grip":3,"anthropology_items__structures:trinitium_armor_chestplate":2,"minecraft:leather":7,"jeg:grenade":32,"jeg:gunmetal_workbench":1,"jeg:tactical_stock":3,"jeg:scrap_workbench":1,"jeg:shotgun_shell":97,"jeg:drum_mag":1,"jeg:gunnite_workbench":1,"minecraft:netherite_boots":1,"jeg:light_stock":1,"minecraft:sand":1,"minecraft:string":7,"jeg:spectre_ammo":128,"minecraft:birch_log":1,"minecraft:bone":12,"jeg:repair_kit":61,"anthropology_items__structures:trinitium_armor_boots":3,"minecraft:obsidian":113,"jeg:light_grip":4,"minecraft:rotten_flesh":12,"sophisticatedbackpacks:backpack":3,"anthropology_items__structures:trinitium_armor_leggings":2,"jeg:rifle_ammo":833,"jeg:angled_grip":3,"minecraft:netherite_leggings":1,"jeg:stun_grenade":4,"minecraft:leather_chestplate":1,"minecraft:shield":2,"anthropology_items__structures:thermonuclear_bomb":64,"minecraft:spider_eye":3,"jeg:makeshift_stock":2,"minecraft:beef":23,"jeg:combat_rifle":1,"jeg:weighted_stock":3,"minecraft:written_book":2,"jeg:handmade_shell":48},"minecraft:killed":{"minecraft:evoker":1,"minecraft:vex":8,"minecraft:cave_spider":1,"minecraft:zombified_piglin":1,"takesapillage:legioner":2,"minecraft:spider":8,"minecraft:vindicator":15,"minecraft:skeleton":13,"minecraft:horse":5,"minecraft:drowned":1,"minecraft:illusioner":2,"minecraft:warden":1,"minecraft:piglin_brute":1,"jeg:ghoul":1,"minecraft:pig":4,"minecraft:zombie_villager":1,"man:managgresive":1,"minecraft:salmon":3,"takesapillage:skirmisher":2,"minecraft:creeper":11,"minecraft:sheep":2,"minecraft:pillager":21,"minecraft:zombie":31,"jeg:bubble":5,"cave_dweller:cave_dweller":1,"minecraft:villager":2,"minecraft:cow":4},"minecraft:mined":{"minecraft:gray_stained_glass_pane":2,"minecraft:grass_block":7,"minecraft:oxeye_daisy":1,"minecraft:iron_ore":1,"minecraft:stone":55,"minecraft:oak_fence":1,"minecraft:crafting_table":3,"anthropology_items__structures:lead_ore":5,"minecraft:tall_grass":13,"minecraft:redstone_torch":1,"minecraft:birch_leaves":1,"minecraft:grass":20,"minecraft:oak_log":4,"minecraft:coal_ore":23,"minecraft:dirt":8,"minecraft:oak_leaves":3},"minecraft:killed_by":{"minecraft:player":1,"takesapillage:legioner":3,"minecraft:drowned":1,"minecraft:vindicator":2,"man:managgresive":2,"minecraft:zombie":1,"cave_dweller:cave_dweller":1},"minecraft:picked_up":{"jeg:makeshift_stock":1,"minecraft:crafting_table":3,"jeg:silencer":1,"minecraft:leather_leggings":1,"minecraft:wooden_pickaxe":1,"minecraft:shield":2,"jeg:angled_grip":1,"minecraft:string":10,"jeg:spectre_ammo":128,"minecraft:experience_bottle":1,"minecraft:gold_nugget":1,"minecraft:beef":27,"minecraft:redstone_torch":4,"anthropology_items__structures:trinitium_armor_leggings":1,"minecraft:raw_iron":1,"anthropology_items__structures:raw_lead":5,"minecraft:oak_fence":1,"sophisticatedbackpacks:backpack":2,"anthropology_items__structures:trinitium_armor_chestplate":1,"minecraft:porkchop":10,"jeg:vertical_grip":1,"minecraft:carrot":1,"minecraft:redstone":1,"jeg:tactical_stock":2,"minecraft:arrow":15,"minecraft:rotten_flesh":30,"jeg:holographic_sight":2,"jeg:rifle_ammo":640,"minecraft:totem_of_undying":1,"minecraft:netherite_chestplate":1,"minecraft:cobblestone":55,"minecraft:oxeye_daisy":1,"minecraft:birch_log":1,"anthropology_items__structures:trinitium_armor_helmet":1,"minecraft:leather_chestplate":1,"minecraft:leather":11,"jeg:light_grip":2,"anthropology_items__structures:hunters_machete":2,"minecraft:oak_log":4,"minecraft:gunpowder":11,"minecraft:dirt":32,"jeg:combat_rifle":1,"jeg:grenade":38,"minecraft:bone":14,"minecraft:wheat_seeds":4,"jeg:shotgun_shell":49,"minecraft:iron_sword":1,"anthropology_items__structures:trinitium_armor_boots":1,"minecraft:sand":1,"jeg:telescopic_sight":1,"minecraft:spruce_sapling":1,"minecraft:spider_eye":3,"minecraft:leather_helmet":1,"minecraft:lever":2,"minecraft:emerald":7,"minecraft:oak_sapling":1,"minecraft:coal":23},"minecraft:used":{"jeg:stun_grenade":14,"minecraft:netherite_sword":17,"anthropology_items__structures:thermonuclear_bomb":6,"minecraft:carved_pumpkin":16,"takesapillage:skirmisher_spawn_egg":2,"minecraft:iron_sword":3,"minecraft:zombie_spawn_egg":9,"takesapillage:legioner_spawn_egg":3,"jeg:holy_shotgun":213,"jeg:atlantean_spear":6,"minecraft:torch":25,"minecraft:dirt":1,"minecraft:anvil":3,"jeg:gunnite_workbench":2,"jeg:grenade":6,"minecraft:obsidian":35,"minecraft:warden_spawn_egg":7,"minecraft:netherite_shovel":2,"minecraft:iron_block":61,"minecraft:piglin_brute_spawn_egg":2,"minecraft:totem_of_undying":4,"anthropology_items__structures:trinitium_sword":12,"anthropology_items__structures:uranite_sword":27,"minecraft:netherite_boots":2,"minecraft:oak_sapling":1,"minecraft:netherite_pickaxe":56,"minecraft:enchanted_golden_apple":28,"jeg:combat_rifle":1375,"cave_dweller:cave_dweller_spawn_egg":2,"minecraft:stone_pickaxe":35,"minecraft:netherite_chestplate":2,"minecraft:wooden_pickaxe":9,"jeg:gunmetal_workbench":1,"anthropology_items__structures:hunters_machete":2,"minecraft:netherite_leggings":2,"minecraft:crafting_table":3,"jeg:typhoonee":1,"minecraft:netherite_helmet":2,"minecraft:redstone_torch":10,"the_knocker:knocker_spawn_egg":1,"sophisticatedbackpacks:backpack":1,"minecraft:string":1,"jeg:scrap_workbench":1,"minecraft:diamond_sword":197,"minecraft:cobblestone":1,"jeg:waterpipe_shotgun":23}},"DataVersion":3465}