{"stats":{"minecraft:mined":{"minecraft:tall_grass":1,"minecraft:grass_block":6,"minecraft:dirt":2},"minecraft:picked_up":{"minecraft:dirt":8},"minecraft:custom":{"minecraft:jump":117,"minecraft:time_since_rest":3945,"minecraft:leave_game":1,"minecraft:crouch_one_cm":556,"minecraft:sprint_one_cm":6760,"minecraft:play_time":3945,"minecraft:damage_taken":60,"minecraft:time_since_death":3945,"minecraft:walk_one_cm":1603,"minecraft:sneak_time":244,"minecraft:total_world_time":3945,"minecraft:fall_one_cm":3897,"minecraft:fly_one_cm":33100}},"DataVersion":3465}