{"stats":{"minecraft:custom":{"minecraft:time_since_rest":17189,"minecraft:open_chest":3,"minecraft:crouch_one_cm":222,"minecraft:play_time":17189,"minecraft:sprint_one_cm":2372,"minecraft:walk_one_cm":16356,"minecraft:sneak_time":369,"minecraft:mob_kills":8,"minecraft:jump":70,"minecraft:damage_dealt":3475,"minecraft:leave_game":5,"minecraft:time_since_death":17189,"minecraft:walk_on_water_one_cm":132,"minecraft:total_world_time":17189,"minecraft:fall_one_cm":209,"minecraft:fly_one_cm":163232},"minecraft:killed":{"minecraft:skeleton":1,"takesapillage:legioner":2,"takesapillage:skirmisher":1,"cave_dweller:cave_dweller":1,"minecraft:warden":1,"minecraft:zombified_piglin":1,"minecraft:piglin_brute":1},"minecraft:used":{"minecraft:redstone_torch":2,"anthropology_items__structures:uranite_sword":17,"minecraft:netherite_sword":17,"the_knocker:knocker_spawn_egg":1,"anthropology_items__structures:thermonuclear_bomb":3,"cave_dweller:cave_dweller_spawn_egg":1,"minecraft:iron_sword":3,"takesapillage:skirmisher_spawn_egg":1,"takesapillage:legioner_spawn_egg":2,"minecraft:piglin_brute_spawn_egg":2,"minecraft:warden_spawn_egg":7},"minecraft:picked_up":{"minecraft:arrow":1,"minecraft:bone":2,"minecraft:rotten_flesh":1,"minecraft:gold_nugget":1,"minecraft:emerald":2,"minecraft:iron_sword":1}},"DataVersion":3465}