{"stats":{"minecraft:custom":{"minecraft:time_since_rest":14310,"minecraft:crouch_one_cm":205,"minecraft:sprint_one_cm":1964,"minecraft:play_time":14310,"minecraft:walk_one_cm":13083,"minecraft:sneak_time":329,"minecraft:mob_kills":6,"minecraft:jump":61,"minecraft:damage_dealt":2875,"minecraft:leave_game":3,"minecraft:walk_on_water_one_cm":132,"minecraft:time_since_death":14310,"minecraft:total_world_time":14310,"minecraft:fall_one_cm":209,"minecraft:fly_one_cm":138091},"minecraft:killed":{"takesapillage:legioner":1,"takesapillage:skirmisher":1,"cave_dweller:cave_dweller":1,"minecraft:warden":1,"minecraft:zombified_piglin":1,"minecraft:piglin_brute":1},"minecraft:used":{"minecraft:warden_spawn_egg":7,"minecraft:redstone_torch":2,"anthropology_items__structures:uranite_sword":12,"the_knocker:knocker_spawn_egg":1,"minecraft:netherite_sword":17,"anthropology_items__structures:thermonuclear_bomb":3,"cave_dweller:cave_dweller_spawn_egg":1,"minecraft:iron_sword":3,"takesapillage:skirmisher_spawn_egg":1,"takesapillage:legioner_spawn_egg":1,"minecraft:piglin_brute_spawn_egg":2},"minecraft:picked_up":{"minecraft:rotten_flesh":1,"minecraft:gold_nugget":1,"minecraft:emerald":2,"minecraft:iron_sword":1}},"DataVersion":3465}