{"stats":{"minecraft:custom":{"minecraft:time_since_rest":31095,"minecraft:open_chest":14,"minecraft:crouch_one_cm":877,"minecraft:sprint_one_cm":30515,"minecraft:play_time":31095,"minecraft:walk_one_cm":32560,"minecraft:sneak_time":655,"minecraft:walk_under_water_one_cm":5322,"minecraft:jump":188,"minecraft:damage_dealt":173,"minecraft:leave_game":2,"minecraft:walk_on_water_one_cm":5546,"minecraft:time_since_death":31095,"minecraft:climb_one_cm":999,"minecraft:total_world_time":31095,"minecraft:swim_one_cm":13661,"minecraft:fall_one_cm":209,"minecraft:fly_one_cm":1120676},"minecraft:picked_up":{"minecraft:stick":5,"minecraft:bone":9,"minecraft:tripwire_hook":1,"minecraft:rotten_flesh":4,"minecraft:lever":3,"minecraft:iron_ingot":12,"minecraft:sand":2,"minecraft:gold_ingot":3},"minecraft:mined":{"minecraft:sand":1},"minecraft:used":{"minecraft:sand":1,"minecraft:flint_and_steel":10,"minecraft:obsidian":35}},"DataVersion":3465}