{"stats":{"minecraft:mined":{"minecraft:grass_block":3,"anthropology_items__structures:limestone":2,"minecraft:spruce_leaves":1,"minecraft:stone":4},"minecraft:used":{"minecraft:diamond_pickaxe":6,"minecraft:dirt":3,"minecraft:iron_pickaxe":7},"minecraft:custom":{"minecraft:time_since_rest":5416,"minecraft:crouch_one_cm":238,"minecraft:sprint_one_cm":18207,"minecraft:play_time":26380,"minecraft:damage_taken":130,"minecraft:walk_one_cm":32590,"minecraft:sneak_time":150,"minecraft:mob_kills":2,"minecraft:jump":161,"minecraft:damage_dealt":259,"minecraft:leave_game":10,"minecraft:time_since_death":26380,"minecraft:sleep_in_bed":1,"minecraft:total_world_time":26380,"minecraft:fall_one_cm":7262,"minecraft:fly_one_cm":237230},"minecraft:picked_up":{"minecraft:arrow":2,"minecraft:bone":1,"minecraft:beef":2,"anthropology_items__structures:limestone":1,"minecraft:dirt":3,"minecraft:cobblestone":4},"minecraft:killed":{"minecraft:skeleton":1,"minecraft:cow":1}},"DataVersion":3465}