{"stats":{"minecraft:custom":{"minecraft:time_since_rest":76366,"minecraft:sprint_one_cm":106689,"minecraft:damage_taken":30,"minecraft:walk_one_cm":172203,"minecraft:mob_kills":54,"minecraft:drop":2,"minecraft:damage_dealt":6659,"minecraft:swim_one_cm":3536,"minecraft:talked_to_villager":25,"minecraft:fly_one_cm":580728,"minecraft:open_barrel":8,"minecraft:open_chest":5,"minecraft:crouch_one_cm":11837,"minecraft:play_time":76366,"minecraft:sneak_time":3815,"minecraft:jump":743,"minecraft:damage_dealt_resisted":757,"minecraft:leave_game":5,"minecraft:walk_on_water_one_cm":262,"minecraft:time_since_death":76366,"minecraft:total_world_time":80445,"minecraft:climb_one_cm":1541,"minecraft:fall_one_cm":2507},"minecraft:dropped":{"minecraft:iron_block":64,"mowziesmobs:wroughtnaut_spawn_egg":1},"minecraft:killed":{"minecraft:skeleton":16,"guardvillagers:guard":2,"minecraft:husk":3,"minecraft:zombie":9,"minecraft:spider":5,"mowziesmobs:frostmaw":2,"minecraft:creeper":10,"minecraft:cow":5,"minecraft:phantom":1},"minecraft:picked_up":{"minecraft:birch_door":1,"magistuarmory:netherite_heavywarhammer":9,"magistuarmory:netherite_chivalrylance":2,"minecraft:leather":3,"magistuarmory:longbow":1,"minecraft:stone_button":1,"magistuarmory:lamellar_boots":1,"minecraft:redstone":5,"magistuarmory:netherite_heavymace":2,"magistuarmory:wingedhussar_chestplate":1,"magistuarmory:rustedcrusader_chestplate":1,"minecraft:spider_eye":2,"minecraft:string":3,"minecraft:item_frame":1,"minecraft:arrow":13,"magistuarmory:heavy_crossbow":2,"minecraft:bone":5,"minecraft:cyan_carpet":1,"minecraft:rotten_flesh":11,"mowziesmobs:ice_crystal":1,"minecraft:crossbow":1,"minecraft:iron_ingot":24,"minecraft:beef":10,"minecraft:gold_ingot":15,"minecraft:chainmail_helmet":1,"minecraft:poppy":2,"magistuarmory:iron_heatershield":1,"minecraft:phantom_membrane":1},"minecraft:used":{"magistuarmory:netherite_heavywarhammer":66,"minecraft:villager_spawn_egg":94,"minecraft:carved_pumpkin":2,"minecraft:iron_block":9,"minecraft:zombie_spawn_egg":40,"magistuarmory:netherite_katzbalger":16,"mowziesmobs:frostmaw_spawn_egg":3,"mowziesmobs:wroughtnaut_spawn_egg":1,"magistuarmory:heavy_crossbow":2,"minecraft:crossbow":25,"magistuarmory:longbow":5,"mowziesmobs:wrought_axe":24}},"DataVersion":3465}