{"stats":{"minecraft:crafted":{"minecraft:oak_planks":16,"minecraft:stone_pickaxe":1,"minecraft:crafting_table":1,"minecraft:wooden_pickaxe":1,"minecraft:stick":4},"minecraft:custom":{"minecraft:interact_with_smithing_table":2,"minecraft:mob_kills":129,"minecraft:interact_with_anvil":2,"minecraft:interact_with_crafting_table":4,"minecraft:open_barrel":14,"minecraft:eat_cake_slice":2,"minecraft:leave_game":19,"minecraft:time_since_death":1669,"minecraft:climb_one_cm":14473,"minecraft:damage_resisted":1273,"minecraft:sprint_one_cm":336818,"minecraft:walk_one_cm":367563,"minecraft:drop":43,"minecraft:damage_dealt_absorbed":2206,"minecraft:talked_to_villager":6,"minecraft:play_time":233605,"minecraft:deaths":10,"minecraft:sneak_time":3268,"minecraft:walk_under_water_one_cm":17889,"minecraft:jump":2083,"minecraft:walk_on_water_one_cm":44916,"minecraft:total_world_time":233605,"minecraft:time_since_rest":1718,"minecraft:damage_taken":5531,"minecraft:damage_absorbed":2633,"minecraft:damage_dealt":15089,"minecraft:swim_one_cm":33328,"minecraft:fly_one_cm":1326737,"minecraft:player_kills":4,"minecraft:open_chest":27,"minecraft:crouch_one_cm":5617,"minecraft:fall_one_cm":38894},"minecraft:dropped":{"minecraft:iron_ingot":3,"jeg:telescopic_sight":1,"jeg:holographic_sight":3,"minecraft:porkchop":7,"jeg:silencer":3,"minecraft:netherite_chestplate":1,"minecraft:netherite_helmet":1,"jeg:vertical_grip":1,"jeg:tactical_stock":1,"jeg:scrap_workbench":1,"jeg:shotgun_shell":49,"jeg:drum_mag":1,"jeg:light_stock":1,"minecraft:string":7,"jeg:spectre_ammo":128,"minecraft:bone":12,"jeg:light_grip":1,"sophisticatedbackpacks:backpack":2,"jeg:rifle_ammo":385,"jeg:angled_grip":1,"minecraft:spider_eye":3,"jeg:makeshift_stock":1,"jeg:combat_rifle":1,"jeg:weighted_stock":2,"jeg:handmade_shell":16},"minecraft:killed":{"minecraft:cave_spider":1,"minecraft:zombified_piglin":1,"takesapillage:legioner":2,"minecraft:vindicator":11,"minecraft:spider":7,"minecraft:skeleton":12,"minecraft:horse":5,"minecraft:drowned":1,"minecraft:warden":1,"minecraft:piglin_brute":1,"minecraft:pig":4,"minecraft:zombie_villager":1,"minecraft:salmon":3,"takesapillage:skirmisher":2,"minecraft:creeper":8,"minecraft:sheep":2,"minecraft:pillager":17,"minecraft:zombie":29,"jeg:bubble":5,"cave_dweller:cave_dweller":1,"minecraft:villager":2,"minecraft:cow":4},"minecraft:mined":{"minecraft:gray_stained_glass_pane":2,"minecraft:grass_block":7,"minecraft:oxeye_daisy":1,"minecraft:iron_ore":1,"minecraft:stone":55,"minecraft:oak_fence":1,"minecraft:crafting_table":3,"anthropology_items__structures:lead_ore":5,"minecraft:tall_grass":13,"minecraft:redstone_torch":1,"minecraft:birch_leaves":1,"minecraft:grass":20,"minecraft:oak_log":4,"minecraft:coal_ore":23,"minecraft:dirt":8,"minecraft:oak_leaves":3},"minecraft:killed_by":{"minecraft:player":1,"takesapillage:legioner":3,"minecraft:drowned":1,"minecraft:vindicator":1,"man:managgresive":2,"minecraft:zombie":1,"cave_dweller:cave_dweller":1},"minecraft:picked_up":{"minecraft:crafting_table":3,"minecraft:leather_leggings":1,"minecraft:wooden_pickaxe":1,"minecraft:string":9,"jeg:spectre_ammo":128,"minecraft:experience_bottle":1,"minecraft:gold_nugget":1,"minecraft:beef":4,"minecraft:redstone_torch":4,"minecraft:raw_iron":1,"anthropology_items__structures:raw_lead":5,"minecraft:oak_fence":1,"sophisticatedbackpacks:backpack":1,"minecraft:porkchop":10,"minecraft:carrot":1,"minecraft:redstone":1,"minecraft:arrow":15,"minecraft:rotten_flesh":18,"jeg:holographic_sight":1,"jeg:rifle_ammo":192,"minecraft:netherite_chestplate":1,"minecraft:cobblestone":55,"minecraft:oxeye_daisy":1,"minecraft:birch_log":1,"minecraft:leather":4,"minecraft:oak_log":4,"minecraft:gunpowder":11,"minecraft:dirt":32,"jeg:combat_rifle":1,"jeg:grenade":6,"minecraft:bone":14,"minecraft:wheat_seeds":4,"jeg:shotgun_shell":49,"minecraft:iron_sword":1,"minecraft:sand":1,"minecraft:spruce_sapling":1,"minecraft:spider_eye":3,"minecraft:leather_helmet":1,"minecraft:lever":2,"minecraft:emerald":5,"minecraft:oak_sapling":1,"minecraft:coal":23},"minecraft:used":{"jeg:stun_grenade":12,"minecraft:netherite_sword":17,"anthropology_items__structures:thermonuclear_bomb":6,"minecraft:carved_pumpkin":16,"minecraft:zombie_spawn_egg":9,"minecraft:iron_sword":3,"takesapillage:skirmisher_spawn_egg":2,"jeg:holy_shotgun":180,"takesapillage:legioner_spawn_egg":3,"jeg:atlantean_spear":6,"minecraft:torch":24,"minecraft:dirt":1,"minecraft:anvil":2,"jeg:gunnite_workbench":1,"jeg:grenade":2,"minecraft:obsidian":35,"minecraft:warden_spawn_egg":7,"minecraft:netherite_shovel":2,"minecraft:iron_block":61,"minecraft:piglin_brute_spawn_egg":2,"minecraft:totem_of_undying":3,"anthropology_items__structures:trinitium_sword":12,"anthropology_items__structures:uranite_sword":27,"minecraft:netherite_boots":2,"minecraft:oak_sapling":1,"minecraft:netherite_pickaxe":56,"minecraft:enchanted_golden_apple":22,"jeg:combat_rifle":1078,"cave_dweller:cave_dweller_spawn_egg":2,"minecraft:stone_pickaxe":35,"minecraft:netherite_chestplate":2,"minecraft:wooden_pickaxe":9,"anthropology_items__structures:hunters_machete":2,"jeg:gunmetal_workbench":1,"minecraft:netherite_leggings":2,"minecraft:crafting_table":3,"jeg:typhoonee":1,"minecraft:netherite_helmet":2,"minecraft:redstone_torch":9,"the_knocker:knocker_spawn_egg":1,"minecraft:string":1,"jeg:scrap_workbench":1,"minecraft:diamond_sword":197,"minecraft:cobblestone":1,"jeg:waterpipe_shotgun":23}},"DataVersion":3465}