{"stats":{"minecraft:picked_up":{"minecraft:sand":2},"minecraft:custom":{"minecraft:jump":37,"minecraft:time_since_rest":2288,"minecraft:crouch_one_cm":103,"minecraft:leave_game":3,"minecraft:play_time":2288,"minecraft:sprint_one_cm":4947,"minecraft:damage_taken":40,"minecraft:time_since_death":2288,"minecraft:walk_one_cm":1537,"minecraft:sneak_time":115,"minecraft:total_world_time":2288,"minecraft:fall_one_cm":1759,"minecraft:fly_one_cm":8995},"minecraft:mined":{"minecraft:sand":2}},"DataVersion":3465}