{"stats":{"minecraft:picked_up":{"minecraft:raw_iron":1,"anthropology_items__structures:raw_lead":5,"minecraft:gunpowder":2,"minecraft:redstone":1,"minecraft:dirt":2,"minecraft:bone":2,"minecraft:arrow":8,"minecraft:rotten_flesh":1,"minecraft:gold_nugget":1,"minecraft:lever":2,"minecraft:redstone_torch":3,"minecraft:emerald":2,"minecraft:iron_sword":1,"minecraft:coal":23,"minecraft:cobblestone":27},"minecraft:dropped":{"minecraft:iron_ingot":3},"minecraft:used":{"minecraft:warden_spawn_egg":7,"minecraft:redstone_torch":4,"minecraft:netherite_sword":17,"the_knocker:knocker_spawn_egg":1,"minecraft:netherite_shovel":2,"minecraft:carved_pumpkin":16,"anthropology_items__structures:thermonuclear_bomb":3,"minecraft:iron_block":61,"cave_dweller:cave_dweller_spawn_egg":2,"minecraft:netherite_chestplate":1,"minecraft:iron_sword":3,"takesapillage:skirmisher_spawn_egg":2,"takesapillage:legioner_spawn_egg":3,"minecraft:piglin_brute_spawn_egg":2,"minecraft:netherite_boots":1,"anthropology_items__structures:trinitium_sword":12,"anthropology_items__structures:hunters_machete":2,"anthropology_items__structures:uranite_sword":27,"minecraft:torch":21,"minecraft:netherite_leggings":1,"minecraft:netherite_helmet":1,"minecraft:netherite_pickaxe":56},"minecraft:killed_by":{"cave_dweller:cave_dweller":1,"takesapillage:legioner":3},"minecraft:mined":{"minecraft:redstone_torch":1,"minecraft:iron_ore":1,"minecraft:grass_block":1,"minecraft:coal_ore":23,"anthropology_items__structures:lead_ore":5,"minecraft:dirt":1,"minecraft:stone":27},"minecraft:killed":{"minecraft:skeleton":1,"minecraft:pillager":1,"minecraft:zombified_piglin":1,"takesapillage:legioner":2,"takesapillage:skirmisher":2,"cave_dweller:cave_dweller":1,"minecraft:warden":1,"minecraft:villager":1,"minecraft:piglin_brute":1},"minecraft:custom":{"minecraft:time_since_rest":186,"minecraft:sprint_one_cm":43052,"minecraft:damage_taken":1126,"minecraft:walk_one_cm":80491,"minecraft:mob_kills":11,"minecraft:drop":3,"minecraft:damage_dealt":5311,"minecraft:talked_to_villager":1,"minecraft:fly_one_cm":416234,"minecraft:open_barrel":2,"minecraft:open_chest":10,"minecraft:crouch_one_cm":2736,"minecraft:play_time":54099,"minecraft:deaths":4,"minecraft:sneak_time":1602,"minecraft:walk_under_water_one_cm":326,"minecraft:jump":352,"minecraft:leave_game":9,"minecraft:walk_on_water_one_cm":4129,"minecraft:time_since_death":137,"minecraft:climb_one_cm":10695,"minecraft:total_world_time":54099,"minecraft:fall_one_cm":2148}},"DataVersion":3465}