{"stats":{"minecraft:picked_up":{"minecraft:stick":1,"minecraft:sand":4},"minecraft:custom":{"minecraft:jump":65,"minecraft:time_since_rest":3111,"minecraft:damage_dealt":20,"minecraft:crouch_one_cm":226,"minecraft:leave_game":1,"minecraft:sprint_one_cm":5951,"minecraft:play_time":3111,"minecraft:walk_on_water_one_cm":860,"minecraft:time_since_death":3111,"minecraft:walk_one_cm":2415,"minecraft:sneak_time":105,"minecraft:walk_under_water_one_cm":129,"minecraft:total_world_time":3111,"minecraft:swim_one_cm":1481,"minecraft:fall_one_cm":2926,"minecraft:fly_one_cm":18284},"minecraft:used":{"minecraft:sand":2},"minecraft:mined":{"minecraft:dead_bush":4,"minecraft:sand":4}},"DataVersion":3465}