{"stats":{"minecraft:killed":{"minecraft:spider":1},"minecraft:used":{"minecraft:sand":1,"minecraft:flint_and_steel":42,"minecraft:obsidian":35},"minecraft:custom":{"minecraft:time_since_rest":42990,"minecraft:open_chest":14,"minecraft:crouch_one_cm":957,"minecraft:sprint_one_cm":33482,"minecraft:play_time":42990,"minecraft:damage_taken":60,"minecraft:walk_one_cm":43039,"minecraft:sneak_time":769,"minecraft:walk_under_water_one_cm":5322,"minecraft:mob_kills":1,"minecraft:jump":230,"minecraft:damage_dealt":233,"minecraft:leave_game":3,"minecraft:walk_on_water_one_cm":5546,"minecraft:time_since_death":42990,"minecraft:climb_one_cm":999,"minecraft:total_world_time":42990,"minecraft:swim_one_cm":13661,"minecraft:fall_one_cm":209,"minecraft:fly_one_cm":1304220},"minecraft:picked_up":{"minecraft:stick":5,"minecraft:bone":9,"minecraft:rotten_flesh":4,"minecraft:tripwire_hook":1,"minecraft:lever":3,"minecraft:iron_ingot":12,"minecraft:sand":2,"minecraft:gold_ingot":3,"minecraft:spider_eye":1,"minecraft:string":2},"minecraft:mined":{"minecraft:sand":1,"minecraft:fire":1}},"DataVersion":3465}