{"stats":{"minecraft:killed":{"minecraft:cave_spider":1,"minecraft:pig":4,"minecraft:zombified_piglin":1,"minecraft:zombie_villager":1,"takesapillage:legioner":2,"takesapillage:skirmisher":2,"minecraft:spider":2,"minecraft:skeleton":3,"minecraft:pillager":1,"minecraft:zombie":17,"cave_dweller:cave_dweller":1,"minecraft:warden":1,"minecraft:piglin_brute":1,"minecraft:villager":2,"minecraft:cow":2},"minecraft:mined":{"minecraft:oak_fence":1,"minecraft:crafting_table":3,"minecraft:grass_block":7,"anthropology_items__structures:lead_ore":5,"minecraft:tall_grass":6,"minecraft:oxeye_daisy":1,"minecraft:iron_ore":1,"minecraft:redstone_torch":1,"minecraft:grass":3,"minecraft:oak_log":4,"minecraft:coal_ore":23,"minecraft:dirt":8,"minecraft:stone":55,"minecraft:oak_leaves":3},"minecraft:used":{"minecraft:netherite_sword":17,"anthropology_items__structures:thermonuclear_bomb":3,"minecraft:carved_pumpkin":16,"cave_dweller:cave_dweller_spawn_egg":2,"minecraft:stone_pickaxe":35,"minecraft:netherite_chestplate":2,"minecraft:wooden_pickaxe":9,"minecraft:iron_sword":3,"takesapillage:skirmisher_spawn_egg":2,"takesapillage:legioner_spawn_egg":3,"minecraft:torch":21,"anthropology_items__structures:hunters_machete":2,"minecraft:dirt":1,"minecraft:netherite_leggings":2,"minecraft:crafting_table":3,"minecraft:netherite_helmet":2,"minecraft:warden_spawn_egg":7,"minecraft:redstone_torch":4,"the_knocker:knocker_spawn_egg":1,"minecraft:netherite_shovel":2,"minecraft:iron_block":61,"minecraft:string":1,"minecraft:piglin_brute_spawn_egg":2,"anthropology_items__structures:trinitium_sword":12,"anthropology_items__structures:uranite_sword":27,"minecraft:netherite_boots":2,"minecraft:diamond_sword":104,"minecraft:cobblestone":1,"minecraft:oak_sapling":1,"minecraft:netherite_pickaxe":56,"minecraft:enchanted_golden_apple":3},"minecraft:picked_up":{"minecraft:crafting_table":3,"minecraft:leather_leggings":1,"minecraft:leather":1,"minecraft:wooden_pickaxe":1,"minecraft:oak_log":4,"minecraft:gunpowder":2,"minecraft:string":5,"minecraft:dirt":12,"minecraft:experience_bottle":1,"minecraft:bone":3,"minecraft:wheat_seeds":1,"minecraft:gold_nugget":1,"minecraft:beef":4,"minecraft:redstone_torch":3,"minecraft:iron_sword":1,"minecraft:raw_iron":1,"anthropology_items__structures:raw_lead":5,"minecraft:oak_fence":1,"sophisticatedbackpacks:backpack":1,"minecraft:porkchop":10,"minecraft:carrot":1,"minecraft:redstone":1,"minecraft:spider_eye":1,"minecraft:leather_helmet":1,"minecraft:arrow":8,"minecraft:rotten_flesh":8,"minecraft:lever":2,"minecraft:emerald":2,"minecraft:oak_sapling":1,"minecraft:coal":23,"minecraft:cobblestone":55,"minecraft:oxeye_daisy":1},"minecraft:dropped":{"minecraft:iron_ingot":3},"minecraft:killed_by":{"man:managgresive":1,"takesapillage:legioner":3,"minecraft:zombie":1,"minecraft:drowned":1,"cave_dweller:cave_dweller":1},"minecraft:crafted":{"minecraft:oak_planks":16,"minecraft:crafting_table":1,"minecraft:wooden_pickaxe":1,"minecraft:stick":4,"minecraft:stone_pickaxe":1},"minecraft:custom":{"minecraft:interact_with_smithing_table":2,"minecraft:mob_kills":41,"minecraft:interact_with_crafting_table":4,"minecraft:open_barrel":14,"minecraft:leave_game":11,"minecraft:time_since_death":42215,"minecraft:climb_one_cm":13838,"minecraft:damage_resisted":117,"minecraft:time_since_rest":42262,"minecraft:damage_absorbed":302,"minecraft:sprint_one_cm":167290,"minecraft:damage_taken":2120,"minecraft:walk_one_cm":167267,"minecraft:drop":3,"minecraft:damage_dealt":10686,"minecraft:damage_dealt_absorbed":160,"minecraft:swim_one_cm":3173,"minecraft:talked_to_villager":6,"minecraft:fly_one_cm":746563,"minecraft:open_chest":24,"minecraft:crouch_one_cm":3839,"minecraft:play_time":124798,"minecraft:deaths":7,"minecraft:sneak_time":2204,"minecraft:walk_under_water_one_cm":345,"minecraft:jump":924,"minecraft:walk_on_water_one_cm":6317,"minecraft:total_world_time":124798,"minecraft:fall_one_cm":15466}},"DataVersion":3465}