{"stats":{"minecraft:used":{"minecraft:written_book":2,"minecraft:coarse_dirt":1},"minecraft:mined":{"minecraft:large_fern":2,"minecraft:podzol":2,"minecraft:grass":1,"minecraft:grass_block":1,"minecraft:coarse_dirt":2,"minecraft:sand":1,"minecraft:spruce_log":8,"minecraft:spruce_leaves":2,"minecraft:fern":2},"minecraft:crafted":{"minecraft:spruce_planks":32},"minecraft:killed":{"minecraft:squid":1},"minecraft:killed_by":{"minecraft:skeleton":5,"minecraft:creeper":1},"minecraft:picked_up":{"minecraft:coarse_dirt":2,"minecraft:sand":1,"minecraft:ink_sac":2,"minecraft:spruce_log":8,"minecraft:dark_oak_log":3,"minecraft:dirt":3},"minecraft:custom":{"minecraft:time_since_rest":1713,"minecraft:crouch_one_cm":933,"minecraft:sprint_one_cm":22749,"minecraft:play_time":19734,"minecraft:damage_taken":1775,"minecraft:deaths":6,"minecraft:walk_one_cm":24773,"minecraft:sneak_time":651,"minecraft:walk_under_water_one_cm":1464,"minecraft:mob_kills":1,"minecraft:jump":198,"minecraft:damage_dealt":448,"minecraft:leave_game":5,"minecraft:walk_on_water_one_cm":5418,"minecraft:time_since_death":1645,"minecraft:total_world_time":19734,"minecraft:swim_one_cm":6714,"minecraft:fall_one_cm":5714,"minecraft:fly_one_cm":36007}},"DataVersion":3465}