{"stats":{"minecraft:killed":{"minecraft:pig":1,"minecraft:zombified_piglin":1,"takesapillage:legioner":2,"takesapillage:skirmisher":2,"minecraft:skeleton":1,"minecraft:pillager":1,"minecraft:zombie":1,"cave_dweller:cave_dweller":1,"minecraft:warden":1,"minecraft:piglin_brute":1,"minecraft:villager":1},"minecraft:picked_up":{"minecraft:crafting_table":3,"minecraft:oak_log":4,"minecraft:gunpowder":2,"minecraft:dirt":12,"minecraft:bone":2,"minecraft:gold_nugget":1,"minecraft:redstone_torch":3,"minecraft:iron_sword":1,"minecraft:raw_iron":1,"anthropology_items__structures:raw_lead":5,"minecraft:porkchop":3,"minecraft:redstone":1,"minecraft:arrow":8,"minecraft:rotten_flesh":1,"minecraft:lever":2,"minecraft:emerald":2,"minecraft:oak_sapling":1,"minecraft:coal":23,"minecraft:cobblestone":55},"minecraft:custom":{"minecraft:mob_kills":13,"minecraft:interact_with_crafting_table":4,"minecraft:open_barrel":2,"minecraft:leave_game":10,"minecraft:time_since_death":10683,"minecraft:climb_one_cm":10695,"minecraft:time_since_rest":10730,"minecraft:sprint_one_cm":60233,"minecraft:damage_taken":1956,"minecraft:walk_one_cm":98365,"minecraft:drop":3,"minecraft:damage_dealt":5651,"minecraft:swim_one_cm":3173,"minecraft:talked_to_villager":1,"minecraft:fly_one_cm":452571,"minecraft:open_chest":10,"minecraft:crouch_one_cm":3308,"minecraft:play_time":93266,"minecraft:deaths":7,"minecraft:sneak_time":2000,"minecraft:walk_under_water_one_cm":345,"minecraft:jump":574,"minecraft:walk_on_water_one_cm":6082,"minecraft:total_world_time":93266,"minecraft:fall_one_cm":9436},"minecraft:crafted":{"minecraft:oak_planks":16,"minecraft:crafting_table":1,"minecraft:wooden_pickaxe":1,"minecraft:stick":4,"minecraft:stone_pickaxe":1},"minecraft:used":{"minecraft:netherite_sword":17,"anthropology_items__structures:thermonuclear_bomb":3,"minecraft:carved_pumpkin":16,"cave_dweller:cave_dweller_spawn_egg":2,"minecraft:stone_pickaxe":35,"minecraft:netherite_chestplate":1,"minecraft:wooden_pickaxe":3,"minecraft:iron_sword":3,"takesapillage:skirmisher_spawn_egg":2,"takesapillage:legioner_spawn_egg":3,"minecraft:torch":21,"anthropology_items__structures:hunters_machete":2,"minecraft:dirt":1,"minecraft:netherite_leggings":1,"minecraft:crafting_table":3,"minecraft:netherite_helmet":1,"minecraft:warden_spawn_egg":7,"minecraft:redstone_torch":4,"the_knocker:knocker_spawn_egg":1,"minecraft:netherite_shovel":2,"minecraft:iron_block":61,"minecraft:piglin_brute_spawn_egg":2,"anthropology_items__structures:trinitium_sword":12,"anthropology_items__structures:uranite_sword":27,"minecraft:netherite_boots":1,"minecraft:cobblestone":1,"minecraft:oak_sapling":1,"minecraft:netherite_pickaxe":56},"minecraft:dropped":{"minecraft:iron_ingot":3},"minecraft:mined":{"minecraft:crafting_table":3,"minecraft:grass_block":6,"anthropology_items__structures:lead_ore":5,"minecraft:iron_ore":1,"minecraft:redstone_torch":1,"minecraft:coal_ore":23,"minecraft:oak_log":4,"minecraft:dirt":6,"minecraft:stone":55,"minecraft:oak_leaves":3},"minecraft:killed_by":{"man:managgresive":1,"takesapillage:legioner":3,"minecraft:zombie":1,"minecraft:drowned":1,"cave_dweller:cave_dweller":1}},"DataVersion":3465}