{"stats":{"minecraft:crafted":{"minecraft:oak_planks":20},"minecraft:killed_by":{"minecraft:player":3,"minecraft:skeleton":2},"minecraft:dropped":{"minecraft:water_bucket":1,"jeg:revolver":1,"minecraft:sugar_cane":3,"minecraft:mutton":2,"minecraft:iron_leggings":2,"jeg:bolt_action_rifle":1,"jeg:rifle_ammo":248,"minecraft:written_book":1,"minecraft:white_wool":1,"jeg:pistol_ammo":192,"minecraft:golden_apple":5},"minecraft:custom":{"minecraft:time_since_rest":9867,"minecraft:damage_absorbed":200,"minecraft:sprint_one_cm":50554,"minecraft:damage_taken":2479,"minecraft:walk_one_cm":102466,"minecraft:mob_kills":26,"minecraft:drop":17,"minecraft:damage_dealt":1679,"minecraft:damage_dealt_absorbed":230,"minecraft:player_kills":3,"minecraft:swim_one_cm":2410,"minecraft:talked_to_villager":7,"minecraft:fly_one_cm":69983,"minecraft:open_barrel":1,"minecraft:open_chest":16,"minecraft:play_time":57022,"minecraft:crouch_one_cm":14002,"minecraft:deaths":7,"minecraft:sneak_time":5133,"minecraft:walk_under_water_one_cm":2032,"minecraft:jump":457,"minecraft:leave_game":7,"minecraft:time_since_death":9595,"minecraft:walk_on_water_one_cm":8120,"minecraft:total_world_time":57022,"minecraft:climb_one_cm":19231,"minecraft:fall_one_cm":8066},"minecraft:mined":{"minecraft:ladder":1,"minecraft:grass_block":4,"minecraft:oak_log":5,"minecraft:dirt":1,"minecraft:sugar_cane":5},"minecraft:used":{"man:ritualblockoff":1,"minecraft:sticky_piston":4,"minecraft:piston":3,"minecraft:water_bucket":8,"minecraft:stone_sword":21,"minecraft:stone":1,"minecraft:sugar_cane":5,"minecraft:golden_apple":5,"minecraft:white_wool":3,"minecraft:dirt":3,"minecraft:written_book":2,"jeg:revolver":167,"jeg:bolt_action_rifle":34,"minecraft:iron_leggings":1},"minecraft:picked_up":{"minecraft:chiseled_polished_blackstone":10,"minecraft:ladder":1,"jeg:pistol_ammo":64,"minecraft:oak_log":5,"minecraft:dirt":17,"minecraft:spider_eye":1,"minecraft:string":2,"man:tearoftheman":2,"man:cassette_1safetyinstructions":2,"minecraft:bone":1,"minecraft:arrow":2,"minecraft:wheat_seeds":1,"jeg:rifle_ammo":192,"minecraft:sugar_cane":7,"minecraft:mutton":2,"minecraft:white_wool":1},"minecraft:killed":{"minecraft:sheep":1,"minecraft:skeleton":3,"the_knocker:knockerdeadanimal":1,"minecraft:pillager":15,"minecraft:zombie":3,"minecraft:spider":1,"minecraft:vindicator":1,"minecraft:creeper":1}},"DataVersion":3465}