{
  "takesapillage:root": {
    "criteria": {
      "always": "2024-06-19 15:22:15 -0500"
    },
    "done": true
  },
  "minecraft:recipes/decorations/crafting_table": {
    "criteria": {
      "unlock_right_away": "2024-06-19 15:22:15 -0500"
    },
    "done": true
  },
  "biomesoplenty:biomesoplenty/all_biomes": {
    "criteria": {
      "fir_clearing": "2024-06-19 15:22:28 -0500"
    },
    "done": false
  },
  "mowziesmobs:root": {
    "criteria": {
      "custom_test_name": "2024-06-19 15:22:15 -0500"
    },
    "done": true
  },
  "dungeons_arise:wda_root": {
    "criteria": {
      "WDA": "2024-06-19 15:22:15 -0500"
    },
    "done": true
  },
  "biomesoplenty:biomesoplenty/root": {
    "criteria": {
      "fir_clearing": "2024-06-19 15:22:28 -0500"
    },
    "done": true
  },
  "DataVersion": 3465
}