{
  "repurposed_structures:root": {
    "criteria": {
      "always": "2024-06-18 00:32:57 +0000"
    },
    "done": true
  },
  "minecraft:recipes/decorations/crafting_table": {
    "criteria": {
      "unlock_right_away": "2024-06-18 00:32:57 +0000"
    },
    "done": true
  },
  "minecraft:adventure/adventuring_time": {
    "criteria": {
      "minecraft:taiga": "2024-06-18 00:34:12 +0000",
      "minecraft:birch_forest": "2024-06-18 00:33:47 +0000",
      "minecraft:stony_shore": "2024-06-18 00:32:59 +0000",
      "minecraft:forest": "2024-06-18 00:35:26 +0000"
    },
    "done": false
  },
  "DataVersion": 3465
}